<?xml version="1.0" encoding="UTF-8"?>

<mule xmlns:ee="http://www.mulesoft.org/schema/mule/ee/core" xmlns="http://www.mulesoft.org/schema/mule/core"
	xmlns:doc="http://www.mulesoft.org/schema/mule/documentation"
	xmlns:xsi="http://www.w3.org/2001/XMLSchema-instance" xsi:schemaLocation="http://www.mulesoft.org/schema/mule/core http://www.mulesoft.org/schema/mule/core/current/mule.xsd
http://www.mulesoft.org/schema/mule/ee/core http://www.mulesoft.org/schema/mule/ee/core/current/mule-ee.xsd">
	<error-handler name="retry-error-handler" doc:id="d07b388b-e3af-41eb-947f-816c5c3414e7" >
		<on-error-continue enableNotifications="true" logException="true" doc:name="On Error Continue Swapi" doc:id="8109613d-c569-40f9-ac2a-d29f63956915" type="SWAPI:ANY">
			<logger level="ERROR" doc:name="Error Result" doc:id="52d1ca24-63be-447c-baa8-ea26b453a53d" message='{"message": "#[error.erroMessage]" }'/>
			<ee:transform doc:name="Transform Message" doc:id="6f934e46-b773-47d7-9c71-10b530ae97e5" >
				<ee:message >
					<ee:set-payload ><![CDATA[%dw 2.0
output application/java
---
{
}]]></ee:set-payload>
				</ee:message>
			</ee:transform>
		</on-error-continue>
		<on-error-propagate enableNotifications="true" logException="true" doc:name="On Error Propagate Swapi" doc:id="91d14ee2-50cb-47ba-9d19-5e6b99aa5607" type="SWAPI:ANY">
			<logger level="ERROR" doc:name="Error Result" doc:id="0cf00626-b939-4f99-a980-1d55963752c4" message='{"message": "#[error.erroMessage]" }'/>
			<ee:transform doc:name="Transform Message" doc:id="88327802-e5e2-4e34-a613-82e6c3a6bac8" >
				<ee:message >
					<ee:set-payload ><![CDATA[%dw 2.0
output application/java
---
{
}]]></ee:set-payload>
				</ee:message>
			</ee:transform>
		</on-error-propagate>
		<on-error-propagate enableNotifications="true" logException="true" doc:name="On Error Propagate Party Identity" doc:id="7c673705-a5e6-420b-85ec-8ced4f3d1add" type="PARTY_IDENTITY:BAD_REQUEST, PARTY_IDENTITY:UNAUTHORIZED">
			<logger level="ERROR" doc:name="Error Result" doc:id="c1083a68-c92a-41ae-9b2f-596450faaadd" message='{"message": "#[error.erroMessage]" }' />
			<set-variable value="401" doc:name="Set Variable" doc:id="6fc56ec2-3b80-4c06-b420-cf11dec02b80" variableName="httpStatus"/>
			<ee:transform doc:name="Transform Message" doc:id="29a845f1-2f43-4d70-8746-5a738a31f5b8" >
				<ee:message >
<ee:set-payload resource="dwl/http-error-codes.dwl" />
				</ee:message>
			</ee:transform>
		</on-error-propagate>
	</error-handler>
</mule>
