<?xml version="1.0" encoding="UTF-8"?>

<mule xmlns="http://www.mulesoft.org/schema/mule/core" xmlns:doc="http://www.mulesoft.org/schema/mule/documentation"
	xmlns:xsi="http://www.w3.org/2001/XMLSchema-instance"
	xsi:schemaLocation="http://www.mulesoft.org/schema/mule/core http://www.mulesoft.org/schema/mule/core/current/mule.xsd">
	<sub-flow name="until-succesful-common-sub-flow" doc:id="7954ce92-de36-41a6-b94f-d190771aa021" >
		<logger level="DEBUG" doc:name="Call to Service" doc:id="f5d7f823-2e5f-4de3-afc6-34f0ee4bb7e3" message='{"message": "Call to #[vars.untilSusccesful.flow]", "payload": #[payload]}' />
		<until-successful doc:name="Until Successful" doc:id="7b8de143-db91-46e0-a9d0-a601e171523e" maxRetries="#[vars.untilSuccesful.retries]" millisBetweenRetries="#[vars.untilSuccesful.time]">
			<try doc:name="Try" doc:id="8a54b7ec-c66d-430f-8e66-8ee4ddc4c0a4" >
				<flow-ref doc:name="Flow Reference" doc:id="66d08267-5843-43c0-b4fc-a6202599836e" name="#[vars.untilSuccesful.flow]"/>
				<error-handler ref="retry-error-handler" />
			</try>
		</until-successful>
		<logger level="DEBUG" doc:name="Result from Service" doc:id="c4297783-bb65-48d9-a795-fa865519b0db" message='{"message": "Result from #[vars.untilSusccesful.flow]", "payload": #[payload]}' />
	</sub-flow>
	<sub-flow name="try-common-sub-flow" doc:id="89d2f342-60b7-4ff3-8d0e-5eb5bf402c2f" >
		<logger level="DEBUG" doc:name="Call to Service" doc:id="0abb802d-5ce7-48c4-b938-24120bb71a38" message='{"message": "Call to #[vars.untilSusccesful.flow]", "payload": #[payload]}' />
		<try doc:name="Try" doc:id="6f95bb9e-130c-470c-b435-54bd674ad5bf" >
			<flow-ref doc:name="Flow Reference" doc:id="c156fd36-8151-498c-99f0-930a4ead062a" name="#[vars.untilSuccesful.flow]"/>
			<error-handler ref="retry-error-handler" />
		</try>
		<logger level="DEBUG" doc:name="Result from Service" doc:id="f1d6e36e-fa26-402a-b9f3-7cdd8b7675ec" message='{"message": "Result from #[vars.untilSusccesful.flow]", "payload": #[payload]}' />
	</sub-flow>
</mule>
