<?xml version="1.0" encoding="UTF-8"?>

<mule xmlns:ee="http://www.mulesoft.org/schema/mule/ee/core"
	xmlns="http://www.mulesoft.org/schema/mule/core"
	xmlns:doc="http://www.mulesoft.org/schema/mule/documentation"
	xmlns:xsi="http://www.w3.org/2001/XMLSchema-instance"
	xsi:schemaLocation="http://www.mulesoft.org/schema/mule/ee/core http://www.mulesoft.org/schema/mule/ee/core/current/mule-ee.xsd
						http://www.mulesoft.org/schema/mule/core http://www.mulesoft.org/schema/mule/core/current/mule.xsd">
	<error-handler name="global-error-handler"
		doc:id="b86d8363-7e64-4dc5-93df-23496efca3cf">
		<on-error-propagate type="APIKIT:BAD_REQUEST">
			<set-variable value="400" doc:name="httpStatus"
				doc:id="2744e8ea-b13b-4932-bdf1-7a2bef6a04f7"
				variableName="httpStatus" />
			<ee:transform doc:name="Transform Message"
				doc:id="ebd5278e-75ed-4171-8551-bd184d51e4ce">
				<ee:message>
					<ee:set-payload resource="dwl/http-error-codes.dwl" />
				</ee:message>
			</ee:transform>
		</on-error-propagate>
		<on-error-propagate type="APIKIT:NOT_FOUND">
			<set-variable value="404" doc:name="httpStatus"
				doc:id="82dc9cee-dc7b-4bed-82a1-8355469164a9"
				variableName="httpStatus" />
			<ee:transform doc:name="Transform Message"
				doc:id="7a7d8c17-cead-4259-8cea-6837e49f8b35">
				<ee:message>
					<ee:set-payload resource="dwl/http-error-codes.dwl" />
				</ee:message>
			</ee:transform>
		</on-error-propagate>
		<on-error-propagate
			type="APIKIT:METHOD_NOT_ALLOWED">
			<set-variable value="405" doc:name="httpStatus"
				doc:id="7a063fff-23b9-48f6-9cc0-36df8235496c"
				variableName="httpStatus" />
			<ee:transform doc:name="Transform Message"
				doc:id="bbd1cfd6-6ecd-4cc1-a71d-4954078fb8a1">
				<ee:message>
					<ee:set-payload resource="dwl/http-error-codes.dwl" />
				</ee:message>
			</ee:transform>
		</on-error-propagate>
		<on-error-propagate type="APIKIT:NOT_ACCEPTABLE">
			<set-variable value="406" doc:name="httpStatus"
				doc:id="1c08b672-072a-4f0e-ba43-8e4903e9aaa3"
				variableName="httpStatus" />
			<ee:transform doc:name="Transform Message"
				doc:id="3768910c-1046-4b4f-bdf4-5197ca09e14a">
				<ee:message>
					<ee:set-payload resource="dwl/http-error-codes.dwl" />
				</ee:message>
			</ee:transform>
		</on-error-propagate>
		<on-error-propagate
			type="APIKIT:UNSUPPORTED_MEDIA_TYPE">
			<set-variable value="415" doc:name="httpStatus"
				doc:id="95017bd9-faed-4d81-a970-e9628fd0c167"
				variableName="httpStatus" />
			<ee:transform doc:name="Transform Message"
				doc:id="ec9d3f37-2387-4cff-af35-2e11cf548aad">
				<ee:message>
					<ee:set-payload resource="dwl/http-error-codes.dwl" />
				</ee:message>
			</ee:transform>
		</on-error-propagate>
		<on-error-propagate type="APIKIT:NOT_IMPLEMENTED">
			<set-variable value="501" doc:name="httpStatus"
				doc:id="f6b84e3b-d1a9-458e-971e-ec945178b040"
				variableName="httpStatus" />
			<ee:transform doc:name="Transform Message"
				doc:id="61580b5b-fbec-44f6-baca-63ec70a61330">
				<ee:message>
					<ee:set-payload resource="dwl/http-error-codes.dwl" />
				</ee:message>
			</ee:transform>
		</on-error-propagate>
	</error-handler>
</mule>