<?xml version="1.0" encoding="UTF-8"?>

<mule xmlns:api-gateway="http://www.mulesoft.org/schema/mule/api-gateway" xmlns:otel-mule4-observablity-agent="http://www.mulesoft.org/schema/mule/otel-mule4-observablity-agent"
	xmlns:wsc="http://www.mulesoft.org/schema/mule/wsc"
	xmlns:apikit="http://www.mulesoft.org/schema/mule/mule-apikit" xmlns:spring="http://www.mulesoft.org/schema/mule/spring" xmlns:db="http://www.mulesoft.org/schema/mule/db" xmlns:oauth="http://www.mulesoft.org/schema/mule/oauth" xmlns:http="http://www.mulesoft.org/schema/mule/http" xmlns:secure-properties="http://www.mulesoft.org/schema/mule/secure-properties" xmlns="http://www.mulesoft.org/schema/mule/core" xmlns:doc="http://www.mulesoft.org/schema/mule/documentation" xmlns:xsi="http://www.w3.org/2001/XMLSchema-instance" xsi:schemaLocation="http://www.mulesoft.org/schema/mule/core http://www.mulesoft.org/schema/mule/core/current/mule.xsd
http://www.mulesoft.org/schema/mule/secure-properties http://www.mulesoft.org/schema/mule/secure-properties/current/mule-secure-properties.xsd
http://www.mulesoft.org/schema/mule/http http://www.mulesoft.org/schema/mule/http/current/mule-http.xsd
http://www.mulesoft.org/schema/mule/oauth http://www.mulesoft.org/schema/mule/oauth/current/mule-oauth.xsd
http://www.mulesoft.org/schema/mule/db http://www.mulesoft.org/schema/mule/db/current/mule-db.xsd
http://www.mulesoft.org/schema/mule/spring http://www.mulesoft.org/schema/mule/spring/current/mule-spring.xsd
http://www.mulesoft.org/schema/mule/mule-apikit http://www.mulesoft.org/schema/mule/mule-apikit/current/mule-apikit.xsd
http://www.mulesoft.org/schema/mule/wsc http://www.mulesoft.org/schema/mule/wsc/current/mule-wsc.xsd
http://www.mulesoft.org/schema/mule/otel-mule4-observablity-agent http://www.mulesoft.org/schema/mule/otel-mule4-observablity-agent/current/mule-otel-mule4-observablity-agent.xsd
http://www.mulesoft.org/schema/mule/api-gateway http://www.mulesoft.org/schema/mule/api-gateway/current/mule-api-gateway.xsd">
	<configuration-properties doc:name="Configuration properties" doc:id="f9abac23-81a6-4e34-8f65-ec0077fe74f2" file="properties/${env}-config.yaml" />
	<configuration doc:name="Configuration" doc:id="267ca248-f96f-4c63-8397-1233e5bc7414" defaultErrorHandler-ref="global-error-handler" />
	<secure-properties:config name="Secure_Properties_Config" doc:name="Secure Properties Config" doc:id="13ec1bfb-6366-46df-a2af-c4a3f5a7629f" file="properties/${env}-config.yaml" key="${secure.key}">
	</secure-properties:config>
	<http:listener-config name="HTTP_Listener_config" doc:name="HTTP Listener config" doc:id="4bd51b62-1dfb-4f8b-b26c-10620db4c5c8" basePath="${http.basePath}" >
		<http:listener-connection host="0.0.0.0" port="${http.port}" readTimeout="${http.readTimeout}" connectionIdleTimeout="${http.connectionIdleTimeout}" protocol="${http.protocol}"/>
	</http:listener-config>
	<apikit:config outboundHeadersMapName="outboundHeadersMapName" httpStatusVarName="httpStatus" doc:name="Router" doc:id="44f9e966-0938-4465-8123-85cafadbe144" name="Router" />
	<api-gateway:autodiscovery apiId="${api.id}" ignoreBasePath="true" doc:name="API Autodiscovery" doc:id="3a0fc8b1-c4cd-4549-a6ea-d83b29c6a422" flowRef="mulesoft-main-flow" />
	<otel-mule4-observablity-agent:config name="OpenTelemetry_Mule_4_Observablity_Agent_Config" doc:name="OpenTelemetry Mule 4 Observablity Agent Config" doc:id="59f97d9d-9e81-42fb-baa4-dc6556c88ca3" serviceName="${otel.servicename}" metricCollectorEndpoint="${otel.metric.endpoint}" metricCertificatePath="${otel.metric.certificate}" metricExportInterval="${otel.metric.interval}" traceCollectorEndpoint="${otel.collector.endpoint}" traceCertificatePath="${otel.collector.endpoint}" traceTransportProtocol="${otel.collector.protocol}" maxQueueSize="${otel.collector.maxQueueSize}" maxBatchExportSize="${otel.collector.batchExportSize}" batchExportDelayInterval="${otel.collector.batchExportInterval}" exportTimeout="${otel.collector.batchExportTimeout}">
		<otel-mule4-observablity-agent:trace-headers >
			<otel-mule4-observablity-agent:header key="Authorization" value="${otel.collector.authorization}" />
		</otel-mule4-observablity-agent:trace-headers>
		<otel-mule4-observablity-agent:metric-headers >
			<otel-mule4-observablity-agent:header key="Authorization" value="${otel.metric.authorization}" />
		</otel-mule4-observablity-agent:metric-headers>
	</otel-mule4-observablity-agent:config>
	<db:config name="Database_MuleSoft" doc:name="Database Config" doc:id="2d07729f-9818-4cb7-beb7-77ea81ebd871" >
		<db:my-sql-connection host="${db.host}" port="${db.port}" user="${db.user}" password="${db.password}" database="${db.database}" >
			<db:pooling-profile maxPoolSize="${db.poolingProfile.maxPoolSize}" minPoolSize="${db.poolingProfile.minPoolSize}" acquireIncrement="${db.poolingProfile.acquireIncrement}" preparedStatementCacheSize="${db.poolingProfile.preparedStatementCacheSize}" maxWait="${db.poolingProfile.maxWait}" maxIdleTime="${db.poolingProfile.maxIdleTime}" maxStatements="${db.poolingProfile.maxStatements}"/>
		</db:my-sql-connection>
	</db:config>
	<http:request-config name="HTTP_Request_Party_Identity" doc:name="HTTP Request configuration" doc:id="1f623df0-7e5e-4a50-a62a-b1625819b88e" basePath="${partyIdenity.basePath}" responseTimeout="${api.responseTimeout}" >
		<http:request-connection protocol="${partyIdenity.protocol}" host="${partyIdenity.host}" port="${partyIdenity.port}" connectionIdleTimeout="${partyIdenity.connectionIdleTimeout}" >
		</http:request-connection>
	</http:request-config>	
	<http:request-config name="HTTP_Request_Mulesoft" doc:name="HTTP Request configuration" doc:id="b0b6996f-6b0e-4cb8-a531-247845d1c994" basePath="${mulesoft.basepath}" responseTimeout="${mulesoft.responseTimeout}" >
		<http:request-connection protocol="${mulesoft.protocol}" host="${mulesoft.host}" port="${mulesoft.port}" >
			<http:authentication >
				<oauth:client-credentials-grant-type clientId="${mulesoft.clientId}" clientSecret="${mulesoft.clientSecret}" tokenUrl="${mulesoft.tokenUrl}" />
			</http:authentication>
		</http:request-connection>
	</http:request-config>
	<http:request-config name="HTTP_Request_Swapi" doc:name="HTTP Request configuration" doc:id="392eb67e-0e5e-4222-9b3f-41b1c4a89de3" basePath="${swapi.basePath}" responseTimeout="${api.responseTimeout}" >
		<http:request-connection protocol="${swapi.protocol}" host="${swapi.host}" port="${swapi.port}" connectionIdleTimeout="${swapi.connectionIdleTimeout}" >
		</http:request-connection>
	</http:request-config>
	<wsc:config name="Web_Service_Consumer_Config" doc:name="Web Service Consumer Config" doc:id="951d684e-f16c-4248-af2d-9182127cbd9d" >
		<wsc:connection wsdlLocation="${ws.location}" service="${ws.service}" port="${ws.port}" address="${ws.address}"/>
	</wsc:config>
</mule>
