<?xml version='1.0' encoding='UTF-8'?>
<types:mule xmlns:types="http://www.mulesoft.org/schema/mule/types">
  <types:catalog>
    <types:type name="auto_02e765c1-108f-4f46-b76b-2068404db516_Output-Payload" format="java">
      <types:shape format="weave" example="weave/autogenerated/02e765c1-108f-4f46-b76b-2068404db516/Output-Payload.wev" autogeneratedOrigin="e6b2f9b7-0713-4158-a373-24c1b0f07fb3"><![CDATA[%dw 2.0

type auto_02e765c1_108f_4f46_b76b_2068404db516_Output_Payload = Any

]]></types:shape>
    </types:type>
    <types:type name="auto_02e765c1-108f-4f46-b76b-2068404db516_Output-Attributes" format="java">
      <types:shape format="weave" example="weave/autogenerated/02e765c1-108f-4f46-b76b-2068404db516/Output-Attributes.wev" autogeneratedOrigin="e6b2f9b7-0713-4158-a373-24c1b0f07fb3"><![CDATA[%dw 2.0

type auto_02e765c1_108f_4f46_b76b_2068404db516_Output_Attributes = {|
  statusCode: Number, 
  reasonPhrase: String, 
  headers: { _?: String }
|} {"typeId": "org.mule.extension.http.api.HttpResponseAttributes",
"typeAlias": "HttpResponseAttributes"}

]]></types:shape>
    </types:type>
    <types:type name="customer-credit-rating-state-initiate-request" format="json">
      <types:shape format="weave" example="examples/customer-credit-rating-state-initiate-request.json"><![CDATA[%dw 2.0

type customer_credit_rating_state_initiate_request = {|
  customerCreditRatingState: {|
    customerReference: {|
      partyRelationship: Array<{|        customerRelationshipInvolvementType: String,         referenceId: String,         partyRelationshipType: String,         personName: {| fullName: String |},         contactPoint: Array<{|          contactPointValue: String,           contactPointType: String        |}>
      |}>
    |}
  |}, 
  incomeProfile: {|
    salaryAmount: String, 
    salaryFrequency: Number {"typeId": "int"}, 
    otherIncome: Array<{| incomeType: Number {"typeId": "int"} |}>
  |}, 
  creditAmount: Number {"typeId": "double"}, 
  companyReference: String, 
  applicationNumber: String
|} {"example": "{\\\"customerCreditRatingState\\\":{\\\"customerReference\\\":{\\\"partyRelationship\\\":[{\\\"customerRelationshipInvolvementType\\\":\\\"REFERENCIA\\\",\\\"referenceId\\\":\\\"XBEHCB7373JNK\\\",\\\"partyRelationshipType\\\":\\\"3\\\",\\\"personName\\\":{\\\"fullName\\\":\\\"XBEHCB7373JNK\\\"},\\\"contactPoint\\\":[{\\\"contactPointValue\\\":\\\"XBEHCB7373JNK\\\",\\\"contactPointType\\\":\\\"phone Number\\\"}]}]}},\\\"incomeProfile\\\":{\\\"salaryAmount\\\":\\\"7000\\\",\\\"salaryFrequency\\\":5,\\\"otherIncome\\\":[{\\\"incomeType\\\":1}]},\\\"creditAmount\\\":500.45,\\\"companyReference\\\":\\\"001\\\",\\\"applicationNumber\\\":\\\"060594\\\"}"}

]]></types:shape>
    </types:type>
    <types:type name="auto_b35d7211-7fd8-43bf-973a-a785159bdb92_Input-Payload" format="java">
      <types:shape format="weave" example="weave/autogenerated/b35d7211-7fd8-43bf-973a-a785159bdb92/Input-Payload.wev" autogeneratedOrigin="52292b5d-74ad-4b6a-a69a-5b9df8d6b4bd"><![CDATA[%dw 2.0

type auto_b35d7211_7fd8_43bf_973a_a785159bdb92_Input_Payload = Any

]]></types:shape>
    </types:type>
    <types:type name="auto_b35d7211-7fd8-43bf-973a-a785159bdb92_Input-Attributes" format="java">
      <types:shape format="weave" example="weave/autogenerated/b35d7211-7fd8-43bf-973a-a785159bdb92/Input-Attributes.wev" autogeneratedOrigin="52292b5d-74ad-4b6a-a69a-5b9df8d6b4bd"><![CDATA[%dw 2.0

type auto_b35d7211_7fd8_43bf_973a_a785159bdb92_Input_Attributes = {|
  statusCode: Number, 
  reasonPhrase: String, 
  headers: { _?: String }
|} {"typeId": "org.mule.extension.http.api.HttpResponseAttributes",
"typeAlias": "HttpResponseAttributes"}

]]></types:shape>
    </types:type>
    <types:type name="auto_b35d7211-7fd8-43bf-973a-a785159bdb92_Output-Payload" format="java">
      <types:shape format="weave" example="weave/autogenerated/b35d7211-7fd8-43bf-973a-a785159bdb92/Output-Payload.wev" autogeneratedOrigin="52292b5d-74ad-4b6a-a69a-5b9df8d6b4bd"><![CDATA[%dw 2.0

type auto_b35d7211_7fd8_43bf_973a_a785159bdb92_Output_Payload = Any

]]></types:shape>
    </types:type>
    <types:type name="auto_b35d7211-7fd8-43bf-973a-a785159bdb92_Output-Attributes" format="java">
      <types:shape format="weave" example="weave/autogenerated/b35d7211-7fd8-43bf-973a-a785159bdb92/Output-Attributes.wev" autogeneratedOrigin="52292b5d-74ad-4b6a-a69a-5b9df8d6b4bd"><![CDATA[%dw 2.0

type auto_b35d7211_7fd8_43bf_973a_a785159bdb92_Output_Attributes = {|
  statusCode: Number, 
  reasonPhrase: String, 
  headers: { _?: String }
|} {"typeId": "org.mule.extension.http.api.HttpResponseAttributes",
"typeAlias": "HttpResponseAttributes"}

]]></types:shape>
    </types:type>
    <types:type name="auto_ac72efab-6c8a-45b4-8854-509f367316ef_Input-Payload" format="java">
      <types:shape format="weave" example="weave/autogenerated/ac72efab-6c8a-45b4-8854-509f367316ef/Input-Payload.wev" autogeneratedOrigin="94c5e164-b0c1-453d-8bdd-ff0cbf3c2173"><![CDATA[%dw 2.0

type auto_ac72efab_6c8a_45b4_8854_509f367316ef_Input_Payload = Any

]]></types:shape>
    </types:type>
    <types:type name="auto_ac72efab-6c8a-45b4-8854-509f367316ef_Input-Attributes" format="java">
      <types:shape format="weave" example="weave/autogenerated/ac72efab-6c8a-45b4-8854-509f367316ef/Input-Attributes.wev" autogeneratedOrigin="94c5e164-b0c1-453d-8bdd-ff0cbf3c2173"><![CDATA[%dw 2.0

type auto_ac72efab_6c8a_45b4_8854_509f367316ef_Input_Attributes = {|
  statusCode: Number, 
  reasonPhrase: String, 
  headers: { _?: String }
|} {"typeId": "org.mule.extension.http.api.HttpResponseAttributes",
"typeAlias": "HttpResponseAttributes"}

]]></types:shape>
    </types:type>
    <types:type name="auto_ac72efab-6c8a-45b4-8854-509f367316ef_Output-Payload" format="java">
      <types:shape format="weave" example="weave/autogenerated/ac72efab-6c8a-45b4-8854-509f367316ef/Output-Payload.wev" autogeneratedOrigin="94c5e164-b0c1-453d-8bdd-ff0cbf3c2173"><![CDATA[%dw 2.0

type auto_ac72efab_6c8a_45b4_8854_509f367316ef_Output_Payload = Any

]]></types:shape>
    </types:type>
    <types:type name="auto_ac72efab-6c8a-45b4-8854-509f367316ef_Output-Attributes" format="java">
      <types:shape format="weave" example="weave/autogenerated/ac72efab-6c8a-45b4-8854-509f367316ef/Output-Attributes.wev" autogeneratedOrigin="94c5e164-b0c1-453d-8bdd-ff0cbf3c2173"><![CDATA[%dw 2.0

type auto_ac72efab_6c8a_45b4_8854_509f367316ef_Output_Attributes = {|
  statusCode: Number, 
  reasonPhrase: String, 
  headers: { _?: String }
|} {"typeId": "org.mule.extension.http.api.HttpResponseAttributes",
"typeAlias": "HttpResponseAttributes"}

]]></types:shape>
    </types:type>
    <types:type name="auto_ac72efab-6c8a-45b4-8854-509f367316ef_Output-Variables-sethttpCode" format="java">
      <types:shape format="weave" example="weave/autogenerated/ac72efab-6c8a-45b4-8854-509f367316ef/Output-Variables-sethttpCode.wev" autogeneratedOrigin="94c5e164-b0c1-453d-8bdd-ff0cbf3c2173"><![CDATA[%dw 2.0

type auto_ac72efab_6c8a_45b4_8854_509f367316ef_Output_Variables_sethttpCode = Any

]]></types:shape>
    </types:type>
    <types:type name="Object" format="java">
      <types:shape format="raml"><![CDATA[#%RAML 1.0 DataType
type: integer]]></types:shape>
    </types:type>
    <types:type name="auto_dc00cb38-7d5c-4de9-9436-aa22a433c514_Input-Payload" format="json">
      <types:shape format="weave" example="weave/autogenerated/dc00cb38-7d5c-4de9-9436-aa22a433c514/Input-Payload.wev" autogeneratedOrigin="8f9dc645-7f24-4cc9-b7df-75c8727c4702"><![CDATA[%dw 2.0

type auto_dc00cb38_7d5c_4de9_9436_aa22a433c514_Input_Payload = String

]]></types:shape>
    </types:type>
    <types:type name="auto_dc00cb38-7d5c-4de9-9436-aa22a433c514_Input-Attributes" format="java">
      <types:shape format="weave" example="weave/autogenerated/dc00cb38-7d5c-4de9-9436-aa22a433c514/Input-Attributes.wev" autogeneratedOrigin="8f9dc645-7f24-4cc9-b7df-75c8727c4702"><![CDATA[%dw 2.0

type auto_dc00cb38_7d5c_4de9_9436_aa22a433c514_Input_Attributes = {|
  headers: {|
    consumerRequestId: String, 
    token: String
  |}
|}

]]></types:shape>
    </types:type>
    <types:type name="auto_dc00cb38-7d5c-4de9-9436-aa22a433c514_Output-Payload" format="java">
      <types:shape format="raml" autogeneratedOrigin="8f9dc645-7f24-4cc9-b7df-75c8727c4702"><![CDATA[#%RAML 1.0 DataType
type: string]]></types:shape>
    </types:type>
    <types:type name="auto_dc00cb38-7d5c-4de9-9436-aa22a433c514_Output-Attributes" format="java">
      <types:shape format="weave" example="weave/autogenerated/dc00cb38-7d5c-4de9-9436-aa22a433c514/Output-Attributes.wev" autogeneratedOrigin="8f9dc645-7f24-4cc9-b7df-75c8727c4702"><![CDATA[%dw 2.0

type auto_dc00cb38_7d5c_4de9_9436_aa22a433c514_Output_Attributes = {|
  statusCode: Number, 
  reasonPhrase: String, 
  headers: { _?: String }
|} {"typeAlias": "HttpResponseAttributes",
"typeId": "org.mule.extension.http.api.HttpResponseAttributes"}

]]></types:shape>
    </types:type>
    <types:type name="auto_dc00cb38-7d5c-4de9-9436-aa22a433c514_Output-Variables-path" format="java">
      <types:shape format="raml" autogeneratedOrigin="8f9dc645-7f24-4cc9-b7df-75c8727c4702"><![CDATA[#%RAML 1.0 DataType
type: string]]></types:shape>
    </types:type>
    <types:type name="auto_dc00cb38-7d5c-4de9-9436-aa22a433c514_Output-Variables-setRequestHeaders" format="json">
      <types:shape format="weave" example="weave/autogenerated/dc00cb38-7d5c-4de9-9436-aa22a433c514/Output-Variables-setRequestHeaders.wev" autogeneratedOrigin="8f9dc645-7f24-4cc9-b7df-75c8727c4702"><![CDATA[%dw 2.0

type auto_dc00cb38_7d5c_4de9_9436_aa22a433c514_Output_Variables_setRequestHeaders = {|
  consumerRequestId: Number, 
  token: Number
|}

]]></types:shape>
    </types:type>
    <types:type name="auto_9d2da7f5-995a-403f-864d-8f4405d07b16_Input-Variables-httpStatus" format="java">
      <types:shape format="raml" autogeneratedOrigin="08e6f159-4199-4c26-9f2a-cdc5c729f481"><![CDATA[#%RAML 1.0 DataType
type: integer]]></types:shape>
    </types:type>
    <types:type name="auto_9d2da7f5-995a-403f-864d-8f4405d07b16_Output-Payload" format="java">
      <types:shape format="raml" autogeneratedOrigin="08e6f159-4199-4c26-9f2a-cdc5c729f481"><![CDATA[#%RAML 1.0 DataType
type: integer]]></types:shape>
    </types:type>
    <types:type name="auto_9d2da7f5-995a-403f-864d-8f4405d07b16_Output-Variables-httpStatus" format="java">
      <types:shape format="raml" autogeneratedOrigin="08e6f159-4199-4c26-9f2a-cdc5c729f481"><![CDATA[#%RAML 1.0 DataType
type: integer]]></types:shape>
    </types:type>
  </types:catalog>
  <types:enrichment select="#02e765c1-108f-4f46-b76b-2068404db516">
    <types:processor-declaration>
      <types:output-event>
        <types:message>
          <types:payload type="auto_02e765c1-108f-4f46-b76b-2068404db516_Output-Payload"/>
          <types:attributes type="auto_02e765c1-108f-4f46-b76b-2068404db516_Output-Attributes"/>
        </types:message>
      </types:output-event>
    </types:processor-declaration>
  </types:enrichment>
  <types:enrichment select="#b35d7211-7fd8-43bf-973a-a785159bdb92">
    <types:processor-declaration>
      <types:input-event>
        <types:message>
          <types:payload type="auto_b35d7211-7fd8-43bf-973a-a785159bdb92_Input-Payload"/>
          <types:attributes type="auto_b35d7211-7fd8-43bf-973a-a785159bdb92_Input-Attributes"/>
        </types:message>
      </types:input-event>
      <types:output-event>
        <types:message>
          <types:payload type="auto_b35d7211-7fd8-43bf-973a-a785159bdb92_Output-Payload"/>
          <types:attributes type="auto_b35d7211-7fd8-43bf-973a-a785159bdb92_Output-Attributes"/>
        </types:message>
      </types:output-event>
    </types:processor-declaration>
  </types:enrichment>
  <types:enrichment select="#ac72efab-6c8a-45b4-8854-509f367316ef">
    <types:processor-declaration>
      <types:input-event>
        <types:message>
          <types:payload type="auto_ac72efab-6c8a-45b4-8854-509f367316ef_Input-Payload"/>
          <types:attributes type="auto_ac72efab-6c8a-45b4-8854-509f367316ef_Input-Attributes"/>
        </types:message>
      </types:input-event>
      <types:output-event>
        <types:message>
          <types:payload type="auto_ac72efab-6c8a-45b4-8854-509f367316ef_Output-Payload"/>
          <types:attributes type="auto_ac72efab-6c8a-45b4-8854-509f367316ef_Output-Attributes"/>
        </types:message>
        <types:variables>
          <types:variable name="sethttpCode" type="auto_ac72efab-6c8a-45b4-8854-509f367316ef_Output-Variables-sethttpCode"/>
        </types:variables>
      </types:output-event>
    </types:processor-declaration>
  </types:enrichment>
  <types:enrichment select="#c0de1e3f-dda4-4680-9dd5-19ff38f3742a">
    <types:processor-declaration>
      <types:input-event>
        <types:message>
          <types:payload type="customer-credit-rating-state-initiate-request"/>
          <types:attributes type="Object"/>
        </types:message>
      </types:input-event>
    </types:processor-declaration>
  </types:enrichment>
  <types:enrichment select="#dc00cb38-7d5c-4de9-9436-aa22a433c514">
    <types:processor-declaration>
      <types:input-event>
        <types:message>
          <types:payload type="auto_dc00cb38-7d5c-4de9-9436-aa22a433c514_Input-Payload"/>
          <types:attributes type="auto_dc00cb38-7d5c-4de9-9436-aa22a433c514_Input-Attributes"/>
        </types:message>
      </types:input-event>
      <types:output-event>
        <types:message>
          <types:payload type="auto_dc00cb38-7d5c-4de9-9436-aa22a433c514_Output-Payload"/>
          <types:attributes type="auto_dc00cb38-7d5c-4de9-9436-aa22a433c514_Output-Attributes"/>
        </types:message>
        <types:variables>
          <types:variable name="path" type="auto_dc00cb38-7d5c-4de9-9436-aa22a433c514_Output-Variables-path"/>
          <types:variable name="setRequestHeaders" type="auto_dc00cb38-7d5c-4de9-9436-aa22a433c514_Output-Variables-setRequestHeaders"/>
        </types:variables>
      </types:output-event>
    </types:processor-declaration>
  </types:enrichment>
  <types:enrichment select="#bddbdeeb-0a9e-4f97-930d-a882b4c74b39">
    <types:processor-declaration>
      <types:input-event>
        <types:message>
          <types:payload type="customer-credit-rating-state-initiate-request"/>
        </types:message>
      </types:input-event>
      <types:output-event>
        <types:message>
          <types:payload type="customer-credit-rating-state-initiate-request"/>
        </types:message>
      </types:output-event>
    </types:processor-declaration>
  </types:enrichment>
  <types:enrichment select="#9d2da7f5-995a-403f-864d-8f4405d07b16">
    <types:processor-declaration>
      <types:input-event>
        <types:variables>
          <types:variable name="httpStatus" type="auto_9d2da7f5-995a-403f-864d-8f4405d07b16_Input-Variables-httpStatus"/>
        </types:variables>
      </types:input-event>
      <types:output-event>
        <types:message>
          <types:payload type="auto_9d2da7f5-995a-403f-864d-8f4405d07b16_Output-Payload"/>
        </types:message>
        <types:variables>
          <types:variable name="httpStatus" type="auto_9d2da7f5-995a-403f-864d-8f4405d07b16_Output-Variables-httpStatus"/>
        </types:variables>
      </types:output-event>
    </types:processor-declaration>
  </types:enrichment>
</types:mule>