<?xml version='1.0' encoding='UTF-8'?>
<types:mule xmlns:types="http://www.mulesoft.org/schema/mule/types">
  <types:catalog>
    <types:type name="auto_3b32a00c-1a67-402f-bfd7-861c04c5eb56_Input-Attributes" format="java">
      <types:shape format="weave" example="weave/autogenerated/3b32a00c-1a67-402f-bfd7-861c04c5eb56/Input-Attributes.wev" autogeneratedOrigin="ecf9c15b-9513-47a2-a853-413a4ee4c6ee"><![CDATA[%dw 2.0

type auto_3b32a00c_1a67_402f_bfd7_861c04c5eb56_Input_Attributes = {|
  clientCertificate?: {|
    publicKey?: {|  |}, 
    "type"?: String, 
    encoded?: Binary
  |}, 
  headers: {|
    client_id: String, 
    client_secret: String
  |}, 
  listenerPath: String, 
  method: String, 
  queryParams: {| gender?: Any |}, 
  queryString: String, 
  relativePath: String, 
  remoteAddress: String, 
  requestPath: String, 
  requestUri: String, 
  scheme: String, 
  uriParams: {|  |}, 
  version: String, 
  localAddress: String
|}

]]></types:shape>
    </types:type>
    <types:type name="auto_3b32a00c-1a67-402f-bfd7-861c04c5eb56_Input-Variables-outboundHeaders" format="java">
      <types:shape format="weave" example="weave/autogenerated/3b32a00c-1a67-402f-bfd7-861c04c5eb56/Input-Variables-outboundHeaders.wev" autogeneratedOrigin="ecf9c15b-9513-47a2-a853-413a4ee4c6ee"><![CDATA[%dw 2.0

type auto_3b32a00c_1a67_402f_bfd7_861c04c5eb56_Input_Variables_outboundHeaders = {| "content-type": String |}

]]></types:shape>
    </types:type>
    <types:type name="auto_3b32a00c-1a67-402f-bfd7-861c04c5eb56_Input-Payload" format="java">
      <types:shape format="weave" example="weave/autogenerated/3b32a00c-1a67-402f-bfd7-861c04c5eb56/Input-Payload.wev" autogeneratedOrigin="ecf9c15b-9513-47a2-a853-413a4ee4c6ee"><![CDATA[%dw 2.0

type auto_3b32a00c_1a67_402f_bfd7_861c04c5eb56_Input_Payload = Any

]]></types:shape>
    </types:type>
    <types:type name="auto_5cea66c7-0080-46df-8f4d-af8b2e639af3_Input-Payload" format="java">
      <types:shape format="weave" example="weave/autogenerated/5cea66c7-0080-46df-8f4d-af8b2e639af3/Input-Payload.wev" autogeneratedOrigin="f2b386ed-70aa-4175-b94c-10848725434a"><![CDATA[%dw 2.0

type auto_5cea66c7_0080_46df_8f4d_af8b2e639af3_Input_Payload = Any

]]></types:shape>
    </types:type>
    <types:type name="auto_5cea66c7-0080-46df-8f4d-af8b2e639af3_Input-Attributes" format="java">
      <types:shape format="weave" example="weave/autogenerated/5cea66c7-0080-46df-8f4d-af8b2e639af3/Input-Attributes.wev" autogeneratedOrigin="f2b386ed-70aa-4175-b94c-10848725434a"><![CDATA[%dw 2.0

type auto_5cea66c7_0080_46df_8f4d_af8b2e639af3_Input_Attributes = {|
  clientCertificate?: {|
    publicKey?: {|  |}, 
    "type"?: String, 
    encoded?: Binary
  |}, 
  headers: {|
    client_id: String, 
    client_secret: String
  |}, 
  listenerPath: String, 
  method: String, 
  queryParams: {|  |}, 
  queryString: String, 
  relativePath: String, 
  remoteAddress: String, 
  requestPath: String, 
  requestUri: String, 
  scheme: String, 
  uriParams: {|  |}, 
  version: String, 
  localAddress: String
|}

]]></types:shape>
    </types:type>
    <types:type name="auto_5cea66c7-0080-46df-8f4d-af8b2e639af3_Input-Variables-httpStatus" format="java">
      <types:shape format="raml" autogeneratedOrigin="f2b386ed-70aa-4175-b94c-10848725434a"><![CDATA[#%RAML 1.0 DataType
type: string]]></types:shape>
    </types:type>
    <types:type name="auto_3b32a00c-1a67-402f-bfd7-861c04c5eb56_Input-Variables-httpStatus" format="java">
      <types:shape format="raml" autogeneratedOrigin="ecf9c15b-9513-47a2-a853-413a4ee4c6ee"><![CDATA[#%RAML 1.0 DataType
type: string]]></types:shape>
    </types:type>
    <types:type name="auto_3b32a00c-1a67-402f-bfd7-861c04c5eb56_Output-Payload" format="json">
      <types:shape format="weave" example="weave/autogenerated/3b32a00c-1a67-402f-bfd7-861c04c5eb56/Output-Payload.wev" autogeneratedOrigin="ecf9c15b-9513-47a2-a853-413a4ee4c6ee"><![CDATA[%dw 2.0

type auto_3b32a00c_1a67_402f_bfd7_861c04c5eb56_Output_Payload = String

]]></types:shape>
    </types:type>
    <types:type name="auto_5cea66c7-0080-46df-8f4d-af8b2e639af3_Output-Payload" format="json">
      <types:shape format="weave" example="weave/autogenerated/5cea66c7-0080-46df-8f4d-af8b2e639af3/Output-Payload.wev" autogeneratedOrigin="f2b386ed-70aa-4175-b94c-10848725434a"><![CDATA[%dw 2.0

type auto_5cea66c7_0080_46df_8f4d_af8b2e639af3_Output_Payload = String

]]></types:shape>
    </types:type>
    <types:type name="auto_5cea66c7-0080-46df-8f4d-af8b2e639af3_Output-Attributes" format="java">
      <types:shape format="weave" example="weave/autogenerated/5cea66c7-0080-46df-8f4d-af8b2e639af3/Output-Attributes.wev" autogeneratedOrigin="f2b386ed-70aa-4175-b94c-10848725434a"><![CDATA[%dw 2.0

type auto_5cea66c7_0080_46df_8f4d_af8b2e639af3_Output_Attributes = Null

]]></types:shape>
    </types:type>
    <types:type name="auto_3b32a00c-1a67-402f-bfd7-861c04c5eb56_Output-Attributes" format="java">
      <types:shape format="weave" example="weave/autogenerated/3b32a00c-1a67-402f-bfd7-861c04c5eb56/Output-Attributes.wev" autogeneratedOrigin="ecf9c15b-9513-47a2-a853-413a4ee4c6ee"><![CDATA[%dw 2.0

type auto_3b32a00c_1a67_402f_bfd7_861c04c5eb56_Output_Attributes = {|
  statusCode: Number, 
  reasonPhrase: String, 
  headers: { _?: String }
|} {"typeId": "org.mule.extension.http.api.HttpResponseAttributes",
"typeAlias": "HttpResponseAttributes"}

]]></types:shape>
    </types:type>
    <types:type name="auto_5cea66c7-0080-46df-8f4d-af8b2e639af3_Output-Variables-characters" format="java">
      <types:shape format="weave" example="weave/autogenerated/5cea66c7-0080-46df-8f4d-af8b2e639af3/Output-Variables-characters.wev" autogeneratedOrigin="f2b386ed-70aa-4175-b94c-10848725434a"><![CDATA[%dw 2.0

type auto_5cea66c7_0080_46df_8f4d_af8b2e639af3_Output_Variables_characters = Array<Nothing>

]]></types:shape>
    </types:type>
    <types:type name="auto_3b32a00c-1a67-402f-bfd7-861c04c5eb56_Output-Variables-characters" format="java">
      <types:shape format="weave" example="weave/autogenerated/3b32a00c-1a67-402f-bfd7-861c04c5eb56/Output-Variables-characters.wev" autogeneratedOrigin="ecf9c15b-9513-47a2-a853-413a4ee4c6ee"><![CDATA[%dw 2.0

type auto_3b32a00c_1a67_402f_bfd7_861c04c5eb56_Output_Variables_characters = Array<Nothing>

]]></types:shape>
    </types:type>
    <types:type name="auto_3b32a00c-1a67-402f-bfd7-861c04c5eb56_Output-Variables-gender" format="java">
      <types:shape format="weave" example="weave/autogenerated/3b32a00c-1a67-402f-bfd7-861c04c5eb56/Output-Variables-gender.wev" autogeneratedOrigin="ecf9c15b-9513-47a2-a853-413a4ee4c6ee"><![CDATA[%dw 2.0

type auto_3b32a00c_1a67_402f_bfd7_861c04c5eb56_Output_Variables_gender = Any

]]></types:shape>
    </types:type>
    <types:type name="auto_5cea66c7-0080-46df-8f4d-af8b2e639af3_Output-Variables-outboundHeaders" format="java">
      <types:shape format="weave" example="weave/autogenerated/5cea66c7-0080-46df-8f4d-af8b2e639af3/Output-Variables-outboundHeaders.wev" autogeneratedOrigin="f2b386ed-70aa-4175-b94c-10848725434a"><![CDATA[%dw 2.0

type auto_5cea66c7_0080_46df_8f4d_af8b2e639af3_Output_Variables_outboundHeaders = {| "content-type": String |}

]]></types:shape>
    </types:type>
    <types:type name="auto_3b32a00c-1a67-402f-bfd7-861c04c5eb56_Output-Variables-basePath" format="java">
      <types:shape format="raml" autogeneratedOrigin="ecf9c15b-9513-47a2-a853-413a4ee4c6ee"><![CDATA[#%RAML 1.0 DataType
type: string]]></types:shape>
    </types:type>
    <types:type name="auto_3b32a00c-1a67-402f-bfd7-861c04c5eb56_Output-Variables-outboundHeaders" format="java">
      <types:shape format="weave" example="weave/autogenerated/3b32a00c-1a67-402f-bfd7-861c04c5eb56/Output-Variables-outboundHeaders.wev" autogeneratedOrigin="ecf9c15b-9513-47a2-a853-413a4ee4c6ee"><![CDATA[%dw 2.0

type auto_3b32a00c_1a67_402f_bfd7_861c04c5eb56_Output_Variables_outboundHeaders = {| "content-type": String |}

]]></types:shape>
    </types:type>
    <types:type name="auto_3b32a00c-1a67-402f-bfd7-861c04c5eb56_Output-Variables-httpStatus" format="java">
      <types:shape format="raml" autogeneratedOrigin="ecf9c15b-9513-47a2-a853-413a4ee4c6ee"><![CDATA[#%RAML 1.0 DataType
type: string]]></types:shape>
    </types:type>
    <types:type name="auto_5cea66c7-0080-46df-8f4d-af8b2e639af3_Output-Variables-gender" format="java">
      <types:shape format="weave" example="weave/autogenerated/5cea66c7-0080-46df-8f4d-af8b2e639af3/Output-Variables-gender.wev" autogeneratedOrigin="f2b386ed-70aa-4175-b94c-10848725434a"><![CDATA[%dw 2.0

type auto_5cea66c7_0080_46df_8f4d_af8b2e639af3_Output_Variables_gender = Any

]]></types:shape>
    </types:type>
    <types:type name="auto_5cea66c7-0080-46df-8f4d-af8b2e639af3_Output-Variables-basePath" format="java">
      <types:shape format="raml" autogeneratedOrigin="f2b386ed-70aa-4175-b94c-10848725434a"><![CDATA[#%RAML 1.0 DataType
type: string]]></types:shape>
    </types:type>
    <types:type name="auto_5cea66c7-0080-46df-8f4d-af8b2e639af3_Output-Variables-httpStatus" format="java">
      <types:shape format="raml" autogeneratedOrigin="f2b386ed-70aa-4175-b94c-10848725434a"><![CDATA[#%RAML 1.0 DataType
type: string]]></types:shape>
    </types:type>
    <types:type name="auto_42cc69cd-2cda-4f01-b8ba-d497a124a206_Input-Payload" format="java">
      <types:shape format="weave" example="weave/autogenerated/42cc69cd-2cda-4f01-b8ba-d497a124a206/Input-Payload.wev" autogeneratedOrigin="43fd24c8-f22d-4a8b-ad16-179db988fdff"><![CDATA[%dw 2.0

type auto_42cc69cd_2cda_4f01_b8ba_d497a124a206_Input_Payload = Any

]]></types:shape>
    </types:type>
    <types:type name="auto_42cc69cd-2cda-4f01-b8ba-d497a124a206_Input-Attributes" format="java">
      <types:shape format="weave" example="weave/autogenerated/42cc69cd-2cda-4f01-b8ba-d497a124a206/Input-Attributes.wev" autogeneratedOrigin="43fd24c8-f22d-4a8b-ad16-179db988fdff"><![CDATA[%dw 2.0

type auto_42cc69cd_2cda_4f01_b8ba_d497a124a206_Input_Attributes = {|
  clientCertificate?: {|
    publicKey?: {|  |}, 
    "type"?: String, 
    encoded?: Binary
  |}, 
  headers: {|
    client_id: String, 
    client_secret: String
  |}, 
  listenerPath: String, 
  method: String, 
  queryParams: {| gender?: Any |}, 
  queryString: String, 
  relativePath: String, 
  remoteAddress: String, 
  requestPath: String, 
  requestUri: String, 
  scheme: String, 
  uriParams: {|  |}, 
  version: String, 
  localAddress: String
|}

]]></types:shape>
    </types:type>
    <types:type name="auto_42cc69cd-2cda-4f01-b8ba-d497a124a206_Input-Variables-outboundHeaders" format="java">
      <types:shape format="weave" example="weave/autogenerated/42cc69cd-2cda-4f01-b8ba-d497a124a206/Input-Variables-outboundHeaders.wev" autogeneratedOrigin="43fd24c8-f22d-4a8b-ad16-179db988fdff"><![CDATA[%dw 2.0

type auto_42cc69cd_2cda_4f01_b8ba_d497a124a206_Input_Variables_outboundHeaders = {| "content-type": String |}

]]></types:shape>
    </types:type>
    <types:type name="auto_42cc69cd-2cda-4f01-b8ba-d497a124a206_Input-Variables-httpStatus" format="java">
      <types:shape format="raml" autogeneratedOrigin="43fd24c8-f22d-4a8b-ad16-179db988fdff"><![CDATA[#%RAML 1.0 DataType
type: string]]></types:shape>
    </types:type>
    <types:type name="auto_42cc69cd-2cda-4f01-b8ba-d497a124a206_Output-Payload" format="java">
      <types:shape format="weave" example="weave/autogenerated/42cc69cd-2cda-4f01-b8ba-d497a124a206/Output-Payload.wev" autogeneratedOrigin="43fd24c8-f22d-4a8b-ad16-179db988fdff"><![CDATA[%dw 2.0

type auto_42cc69cd_2cda_4f01_b8ba_d497a124a206_Output_Payload = Any

]]></types:shape>
    </types:type>
    <types:type name="auto_42cc69cd-2cda-4f01-b8ba-d497a124a206_Output-Attributes" format="java">
      <types:shape format="weave" example="weave/autogenerated/42cc69cd-2cda-4f01-b8ba-d497a124a206/Output-Attributes.wev" autogeneratedOrigin="43fd24c8-f22d-4a8b-ad16-179db988fdff"><![CDATA[%dw 2.0

type auto_42cc69cd_2cda_4f01_b8ba_d497a124a206_Output_Attributes = {|
  clientCertificate?: {|
    publicKey?: {|  |}, 
    "type"?: String, 
    encoded?: Binary
  |}, 
  headers: {|
    client_id: String, 
    client_secret: String
  |}, 
  listenerPath: String, 
  method: String, 
  queryParams: {| gender?: Any |}, 
  queryString: String, 
  relativePath: String, 
  remoteAddress: String, 
  requestPath: String, 
  requestUri: String, 
  scheme: String, 
  uriParams: {|  |}, 
  version: String, 
  localAddress: String
|}

]]></types:shape>
    </types:type>
    <types:type name="auto_42cc69cd-2cda-4f01-b8ba-d497a124a206_Output-Variables-outboundHeaders" format="java">
      <types:shape format="weave" example="weave/autogenerated/42cc69cd-2cda-4f01-b8ba-d497a124a206/Output-Variables-outboundHeaders.wev" autogeneratedOrigin="43fd24c8-f22d-4a8b-ad16-179db988fdff"><![CDATA[%dw 2.0

type auto_42cc69cd_2cda_4f01_b8ba_d497a124a206_Output_Variables_outboundHeaders = {| "content-type": String |}

]]></types:shape>
    </types:type>
    <types:type name="auto_42cc69cd-2cda-4f01-b8ba-d497a124a206_Output-Variables-httpStatus" format="java">
      <types:shape format="raml" autogeneratedOrigin="43fd24c8-f22d-4a8b-ad16-179db988fdff"><![CDATA[#%RAML 1.0 DataType
type: string]]></types:shape>
    </types:type>
    <types:type name="auto_4dcd25cb-3ebb-4451-8450-142a0c06f962_Input-Payload" format="java">
      <types:shape format="weave" example="weave/autogenerated/4dcd25cb-3ebb-4451-8450-142a0c06f962/Input-Payload.wev" autogeneratedOrigin="d210d87b-fec7-4d5c-b35e-9aecc425fb86"><![CDATA[%dw 2.0

type auto_4dcd25cb_3ebb_4451_8450_142a0c06f962_Input_Payload = Any

]]></types:shape>
    </types:type>
    <types:type name="auto_4dcd25cb-3ebb-4451-8450-142a0c06f962_Input-Attributes" format="java">
      <types:shape format="weave" example="weave/autogenerated/4dcd25cb-3ebb-4451-8450-142a0c06f962/Input-Attributes.wev" autogeneratedOrigin="d210d87b-fec7-4d5c-b35e-9aecc425fb86"><![CDATA[%dw 2.0

type auto_4dcd25cb_3ebb_4451_8450_142a0c06f962_Input_Attributes = {|
  clientCertificate?: {|
    publicKey?: {|  |}, 
    "type"?: String, 
    encoded?: Binary
  |}, 
  headers: {|
    client_id: String, 
    client_secret: String
  |}, 
  listenerPath: String, 
  method: String, 
  queryParams: {| gender?: Any |}, 
  queryString: String, 
  relativePath: String, 
  remoteAddress: String, 
  requestPath: String, 
  requestUri: String, 
  scheme: String, 
  uriParams: {|  |}, 
  version: String, 
  localAddress: String
|}

]]></types:shape>
    </types:type>
    <types:type name="auto_4dcd25cb-3ebb-4451-8450-142a0c06f962_Input-Variables-outboundHeaders" format="java">
      <types:shape format="weave" example="weave/autogenerated/4dcd25cb-3ebb-4451-8450-142a0c06f962/Input-Variables-outboundHeaders.wev" autogeneratedOrigin="d210d87b-fec7-4d5c-b35e-9aecc425fb86"><![CDATA[%dw 2.0

type auto_4dcd25cb_3ebb_4451_8450_142a0c06f962_Input_Variables_outboundHeaders = {| "content-type": String |}

]]></types:shape>
    </types:type>
    <types:type name="auto_4dcd25cb-3ebb-4451-8450-142a0c06f962_Input-Variables-httpStatus" format="java">
      <types:shape format="raml" autogeneratedOrigin="d210d87b-fec7-4d5c-b35e-9aecc425fb86"><![CDATA[#%RAML 1.0 DataType
type: string]]></types:shape>
    </types:type>
    <types:type name="auto_4dcd25cb-3ebb-4451-8450-142a0c06f962_Output-Payload" format="java">
      <types:shape format="weave" example="weave/autogenerated/4dcd25cb-3ebb-4451-8450-142a0c06f962/Output-Payload.wev" autogeneratedOrigin="d210d87b-fec7-4d5c-b35e-9aecc425fb86"><![CDATA[%dw 2.0

type auto_4dcd25cb_3ebb_4451_8450_142a0c06f962_Output_Payload = {|  |} {"class": "java.lang.Object",
"typeAlias": "Object",
"typeId": "java.lang.Object"}

]]></types:shape>
    </types:type>
    <types:type name="auto_4dcd25cb-3ebb-4451-8450-142a0c06f962_Output-Attributes" format="java">
      <types:shape format="weave" example="weave/autogenerated/4dcd25cb-3ebb-4451-8450-142a0c06f962/Output-Attributes.wev" autogeneratedOrigin="d210d87b-fec7-4d5c-b35e-9aecc425fb86"><![CDATA[%dw 2.0

type auto_4dcd25cb_3ebb_4451_8450_142a0c06f962_Output_Attributes = Any

]]></types:shape>
    </types:type>
    <types:type name="auto_4dcd25cb-3ebb-4451-8450-142a0c06f962_Output-Variables-outboundHeaders" format="java">
      <types:shape format="weave" example="weave/autogenerated/4dcd25cb-3ebb-4451-8450-142a0c06f962/Output-Variables-outboundHeaders.wev" autogeneratedOrigin="d210d87b-fec7-4d5c-b35e-9aecc425fb86"><![CDATA[%dw 2.0

type auto_4dcd25cb_3ebb_4451_8450_142a0c06f962_Output_Variables_outboundHeaders = {| "content-type": String |}

]]></types:shape>
    </types:type>
    <types:type name="auto_4dcd25cb-3ebb-4451-8450-142a0c06f962_Output-Variables-httpStatus" format="java">
      <types:shape format="raml" autogeneratedOrigin="d210d87b-fec7-4d5c-b35e-9aecc425fb86"><![CDATA[#%RAML 1.0 DataType
type: string]]></types:shape>
    </types:type>
  </types:catalog>
  <types:enrichment select="#3b32a00c-1a67-402f-bfd7-861c04c5eb56">
    <types:processor-declaration>
      <types:input-event>
        <types:message>
          <types:payload type="auto_3b32a00c-1a67-402f-bfd7-861c04c5eb56_Input-Payload"/>
          <types:attributes type="auto_3b32a00c-1a67-402f-bfd7-861c04c5eb56_Input-Attributes"/>
        </types:message>
        <types:variables>
          <types:variable name="outboundHeaders" type="auto_3b32a00c-1a67-402f-bfd7-861c04c5eb56_Input-Variables-outboundHeaders"/>
          <types:variable name="httpStatus" type="auto_3b32a00c-1a67-402f-bfd7-861c04c5eb56_Input-Variables-httpStatus"/>
        </types:variables>
      </types:input-event>
      <types:output-event>
        <types:message>
          <types:payload type="auto_3b32a00c-1a67-402f-bfd7-861c04c5eb56_Output-Payload"/>
          <types:attributes type="auto_3b32a00c-1a67-402f-bfd7-861c04c5eb56_Output-Attributes"/>
        </types:message>
        <types:variables>
          <types:variable name="characters" type="auto_3b32a00c-1a67-402f-bfd7-861c04c5eb56_Output-Variables-characters"/>
          <types:variable name="outboundHeaders" type="auto_3b32a00c-1a67-402f-bfd7-861c04c5eb56_Output-Variables-outboundHeaders"/>
          <types:variable name="gender" type="auto_3b32a00c-1a67-402f-bfd7-861c04c5eb56_Output-Variables-gender"/>
          <types:variable name="basePath" type="auto_3b32a00c-1a67-402f-bfd7-861c04c5eb56_Output-Variables-basePath"/>
          <types:variable name="httpStatus" type="auto_3b32a00c-1a67-402f-bfd7-861c04c5eb56_Output-Variables-httpStatus"/>
        </types:variables>
      </types:output-event>
    </types:processor-declaration>
  </types:enrichment>
  <types:enrichment select="#5cea66c7-0080-46df-8f4d-af8b2e639af3">
    <types:processor-declaration>
      <types:input-event>
        <types:message>
          <types:payload type="auto_5cea66c7-0080-46df-8f4d-af8b2e639af3_Input-Payload"/>
          <types:attributes type="auto_5cea66c7-0080-46df-8f4d-af8b2e639af3_Input-Attributes"/>
        </types:message>
        <types:variables>
          <types:variable name="httpStatus" type="auto_5cea66c7-0080-46df-8f4d-af8b2e639af3_Input-Variables-httpStatus"/>
        </types:variables>
      </types:input-event>
      <types:output-event>
        <types:message>
          <types:payload type="auto_5cea66c7-0080-46df-8f4d-af8b2e639af3_Output-Payload"/>
          <types:attributes type="auto_5cea66c7-0080-46df-8f4d-af8b2e639af3_Output-Attributes"/>
        </types:message>
        <types:variables>
          <types:variable name="characters" type="auto_5cea66c7-0080-46df-8f4d-af8b2e639af3_Output-Variables-characters"/>
          <types:variable name="outboundHeaders" type="auto_5cea66c7-0080-46df-8f4d-af8b2e639af3_Output-Variables-outboundHeaders"/>
          <types:variable name="gender" type="auto_5cea66c7-0080-46df-8f4d-af8b2e639af3_Output-Variables-gender"/>
          <types:variable name="basePath" type="auto_5cea66c7-0080-46df-8f4d-af8b2e639af3_Output-Variables-basePath"/>
          <types:variable name="httpStatus" type="auto_5cea66c7-0080-46df-8f4d-af8b2e639af3_Output-Variables-httpStatus"/>
        </types:variables>
      </types:output-event>
    </types:processor-declaration>
  </types:enrichment>
  <types:enrichment select="#42cc69cd-2cda-4f01-b8ba-d497a124a206">
    <types:processor-declaration>
      <types:input-event>
        <types:message>
          <types:payload type="auto_42cc69cd-2cda-4f01-b8ba-d497a124a206_Input-Payload"/>
          <types:attributes type="auto_42cc69cd-2cda-4f01-b8ba-d497a124a206_Input-Attributes"/>
        </types:message>
        <types:variables>
          <types:variable name="outboundHeaders" type="auto_42cc69cd-2cda-4f01-b8ba-d497a124a206_Input-Variables-outboundHeaders"/>
          <types:variable name="httpStatus" type="auto_42cc69cd-2cda-4f01-b8ba-d497a124a206_Input-Variables-httpStatus"/>
        </types:variables>
      </types:input-event>
      <types:output-event>
        <types:message>
          <types:payload type="auto_42cc69cd-2cda-4f01-b8ba-d497a124a206_Output-Payload"/>
          <types:attributes type="auto_42cc69cd-2cda-4f01-b8ba-d497a124a206_Output-Attributes"/>
        </types:message>
        <types:variables>
          <types:variable name="outboundHeaders" type="auto_42cc69cd-2cda-4f01-b8ba-d497a124a206_Output-Variables-outboundHeaders"/>
          <types:variable name="httpStatus" type="auto_42cc69cd-2cda-4f01-b8ba-d497a124a206_Output-Variables-httpStatus"/>
        </types:variables>
      </types:output-event>
    </types:processor-declaration>
  </types:enrichment>
  <types:enrichment select="#4dcd25cb-3ebb-4451-8450-142a0c06f962">
    <types:processor-declaration>
      <types:input-event>
        <types:message>
          <types:payload type="auto_4dcd25cb-3ebb-4451-8450-142a0c06f962_Input-Payload"/>
          <types:attributes type="auto_4dcd25cb-3ebb-4451-8450-142a0c06f962_Input-Attributes"/>
        </types:message>
        <types:variables>
          <types:variable name="outboundHeaders" type="auto_4dcd25cb-3ebb-4451-8450-142a0c06f962_Input-Variables-outboundHeaders"/>
          <types:variable name="httpStatus" type="auto_4dcd25cb-3ebb-4451-8450-142a0c06f962_Input-Variables-httpStatus"/>
        </types:variables>
      </types:input-event>
      <types:output-event>
        <types:message>
          <types:payload type="auto_4dcd25cb-3ebb-4451-8450-142a0c06f962_Output-Payload"/>
          <types:attributes type="auto_4dcd25cb-3ebb-4451-8450-142a0c06f962_Output-Attributes"/>
        </types:message>
        <types:variables>
          <types:variable name="outboundHeaders" type="auto_4dcd25cb-3ebb-4451-8450-142a0c06f962_Output-Variables-outboundHeaders"/>
          <types:variable name="httpStatus" type="auto_4dcd25cb-3ebb-4451-8450-142a0c06f962_Output-Variables-httpStatus"/>
        </types:variables>
      </types:output-event>
    </types:processor-declaration>
  </types:enrichment>
  <types:enrichment select="#24bad0b7-6a48-4d9c-9cc9-0ae8927a89be"/>
</types:mule>