<?xml version="1.0" encoding="utf-8"?>
<Configuration>

	<Properties>
        <Property name="DATADOG_API_KEY">${sys:datadog.api.key}</Property>
        <Property name="DATADOG_API_URL">${sys:datadog.api.url}</Property>
    </Properties>

    <Appenders>
        <RollingFile name="file" fileName="${sys:mule.home}${sys:file.separator}logs${sys:file.separator}mx-ms-bc-dom-customer-credit-rating-mule-${mule.env}.log"
                 filePattern="${sys:mule.home}${sys:file.separator}logs${sys:file.separator}mx-ms-bc-dom-customer-credit-rating-mule-${mule.env}%i.log">
            <PatternLayout pattern="%-5p %d [%t] [processor: %X{processorPath}; event: %X{correlationId}] %c: %m%n"/>
            <SizeBasedTriggeringPolicy size="10 MB"/>
            <DefaultRolloverStrategy max="10"/>
        </RollingFile>
        
        <Http name="DATADOG" url="${DATADOG_API_URL}">
			<Property name="Content-Type" value="application/json" />
			<Property name="DD-API-KEY" value="${DATADOG_API_KEY}" />

			<JsonLayout compact="false" properties="true">
			<KeyValuePair key="host" value="${sys:hostName}" />
			<KeyValuePair key="ddsource" value="mulesoft" />
			<KeyValuePair key="service" value="mx-ms-bc-dom-customer-credit-rating-mule" />
			<KeyValuePair key="ddtags" value="env:${sys:mule.env}" />
			</JsonLayout>
		</Http>

        <RollingFile name="MULE_ERROR_FILE" fileName="${sys:mule.home}${sys:file.separator}logs${sys:file.separator}specific-errors.log"
                     filePattern="${sys:mule.home}${sys:file.separator}logs${sys:file.separator}specific-errors-%i.log">
            <PatternLayout pattern="%-5p %d [%t] %c: %m%n"/>
            <SizeBasedTriggeringPolicy size="10 MB"/>
            <DefaultRolloverStrategy max="5"/>
        </RollingFile>
    </Appenders>

    <Loggers>
        <AsyncLogger name="org.mule.service.http" level="WARN"/>
        <AsyncLogger name="org.mule.extension.http" level="WARN"/>
	

        <AsyncLogger name="org.mule.runtime.core.internal.processor.LoggerMessageProcessor" level="INFO" additivity="false">
			<AppenderRef ref="DATADOG" />
		</AsyncLogger>

        <AsyncLogger name="com.bancoppel.error.runtime" level="ERROR" additivity="false">
			<AppenderRef ref="file"/>
		</AsyncLogger>

        <AsyncLogger name="com.bancoppel.error.specific" level="ERROR" additivity="false">
            <AppenderRef ref="MULE_ERROR_FILE"/>
        </AsyncLogger>
		
        <AsyncRoot level="ERROR">
            <AppenderRef ref="file"/>
        </AsyncRoot>

    </Loggers>

</Configuration>
