{
  "$schema": "http://json-schema.org/draft-04/schema#",
  "type": "object",
  "properties": {
    "partyReference": {
      "type": "object",
      "properties": {
        "referenceId": {
          "type": "string"
        },
        "personProfile": {
          "type": "object",
          "properties": {
            "partyType": {
              "type": "object",
              "properties": {
                "description": {
                  "type": "string",
			"minLength": 1
                }
              },
              "required": [
                "description"
              ]
            }
          },
          "required": [
            "partyType"
          ]
        }
      },
      "required": [
        "referenceId",
        "personProfile"
      ]
    },
    "companyReference": {
      "type": "string"
    },
    "applicationReferenceId": {
      "type": "string",
			"minLength": 1
    }
  },
  "required": [
    "partyReference",
    "companyReference",
    "applicationReferenceId"
  ]
}