{
	"$schema": "http://json-schema.org/draft-04/schema#",
	"type": "array",
	"items": {
		"type": "object",
		"properties": {
			"partyReference": {
				"type": "object",
				"properties": {
					"personProfile": {
						"type": "object",
						"properties": {
							"partyType": {
								"type": "object",
								"properties": {
									"code": {
										"type": "string",
										"minLength": 1
									}
								},
								"required": [
									"code"
								]
							}
						},
						"required": [
							"partyType"
						]
					}
				},
				"required": [
					"personProfile"
				]
			},
			"applicationReferenceId": {
				"type": "string",
				"minLength": 1
			},
			"requestType": {
				"type": "string",
				"minLength": 1
			},
			"companyReference": {
				"type": "string",
				"minLength": 1
			},
			"internalReportingElement": {
				"type": "integer",
				"minLength": 1
			},
			"internalReportingArea": {
				"type": "integer",
				"minLength": 1
			},
			"internalReportingGroup": {
				"type": "integer",
				"minLength": 1
			}
		},
		"required": [
			"partyReference",
			"applicationReferenceId",
			"requestType",
			"companyReference",
			"internalReportingElement",
			"internalReportingArea",
			"internalReportingGroup"
		]
	}
}