{
  "$schema": "http://json-schema.org/draft-04/schema#",
  "type": "object",
  "properties": {
    "customerCreditRatingState": {
      "type": "object",
      "properties": {
        "customerReference": {
          "type": "object",
          "properties": {
            "partyRelationship": {
              "type": "array",
              "items": [
                {
                  "type": "object",
                  "properties": {
					"customerRelationshipInvolvementType":{
						"type": "string",
						"minLength": 1
					},                  
                    "referenceId": {
                      "type": "string",
                      "minLength": 1
                    },
                    "partyRelationshipType": {
                      "type": "string"
                    },
                    "personName": {
                      "type": "object",
                      "properties": {
                        "fullName": {
                          "type": "string"
                        }
                      }
                    },
                    "contactPoint": {
                      "type": "array",
                      "items": [
                        {
                          "type": "object",
                          "properties": {
                            "contactPointValue": {
                              "type": "string"
                            },
                            "contactPointType": {
                              "type": "string"
                            }
                          }
                        }
                      ]
                    }
                  },
                  "required": [
                  	"customerRelationshipInvolvementType",
                    "referenceId"
                  ]
                }
              ]
            }
          },
          "required": [
            "partyRelationship"
          ]
        }
      },
      "required": [
        "customerReference"
      ]
    },
    "incomeProfile": {
      "type": "object",
      "properties": {
        "salaryAmount": {
          "type": "string",
          "minLength": 1
        },
        "salaryFrequency": {
          "type": "number"
        },
        "otherIncome": {
          "type": "array",
          "items": [
            {
              "type": "object",
              "properties": {
                "incomeType": {
                  "type": "integer",
                  "minLength": 1,
                  "maxLength": 2,
                  "enum": [1,2,3,4,5,6,7,8,9,10,11,12,13,14,15,16,17,18,19]
                }
              },
              "required": [
                "incomeType"
              ]
            }
          ]
        }
      },
      "required": [
        "salaryAmount",
        "salaryFrequency",
        "otherIncome"
      ]
    },
    "creditAmount": {
      "type": "number",
      "minLength": 1
    },
    "companyReference": {
      "type": "string",
      "minLength": 1
    },
    "applicationNumber": {
      "type": "string",
      "minLength": 1,
      "maxLength": 32
    }
  },
  "required": [
    "customerCreditRatingState",
    "incomeProfile",
    "creditAmount",
    "companyReference",
    "applicationNumber"
  ]
}