<?xml version="1.0" encoding="UTF-8"?>

<mule xmlns:ee="http://www.mulesoft.org/schema/mule/ee/core"
	xmlns="http://www.mulesoft.org/schema/mule/core" xmlns:doc="http://www.mulesoft.org/schema/mule/documentation"
	xmlns:xsi="http://www.w3.org/2001/XMLSchema-instance"
	xsi:schemaLocation="
http://www.mulesoft.org/schema/mule/ee/core http://www.mulesoft.org/schema/mule/ee/core/current/mule-ee.xsd http://www.mulesoft.org/schema/mule/core http://www.mulesoft.org/schema/mule/core/current/mule.xsd">
	<error-handler name="apikit-global-error-handler" doc:id="022c811d-7659-4b5f-9e2f-fbf5bd7b0253" >
		<on-error-propagate enableNotifications="true" logException="true" doc:name="On Error Propagate" doc:id="cf3176fb-7d84-4503-8bbb-474536f1e679" type="APIKIT:METHOD_NOT_ALLOWED" >
			<set-variable value="#[400]" doc:name="httpStatus 400" doc:id="8e48a7b9-f5a3-4d61-b84e-e77b1b7d5c4f" variableName="httpStatus" />
			<ee:transform doc:name="Map Error Payload" doc:id="3674149d-d1c3-4336-a4b7-8ac9815119e2" >
				<ee:message >
					<ee:set-payload resource="dwl/errorHandler/400.dwl" />
				</ee:message>
			</ee:transform>
		</on-error-propagate>
		<on-error-propagate enableNotifications="true" logException="true" doc:name="On Error Propagate" doc:id="a21bf6a5-557c-4a82-895d-61ec6c6b451a" type="APIKIT:BAD_REQUEST" >
			<set-variable value="#[400]" doc:name="httpStatus 400" doc:id="4077f720-4a0b-4a79-af47-f444c88d8bae" variableName="httpStatus" />
			<ee:transform doc:name="Map Error Payload" doc:id="1c93dc00-c7af-4088-b750-2562a84508d1" >
				<ee:message >
					<ee:set-payload resource="dwl/errorHandler/400.dwl" />
				</ee:message>
			</ee:transform>
		</on-error-propagate>
		<on-error-propagate enableNotifications="true" logException="true" doc:name="On Error Propagate" doc:id="a2897e88-e993-4bc5-af23-89fac82a6e21" type="APIKIT:NOT_FOUND" >
			<set-variable value="#[404]" doc:name="httpStatus 404" doc:id="fe1a900b-7e2e-4d2d-8913-c8767991846c" variableName="httpStatus" />
			<ee:transform doc:name="Map Error Payload" doc:id="556f7599-287e-4b75-9170-32b9ec5907c3" >
				<ee:message >
					<ee:set-payload resource="dwl/errorHandler/404.dwl" />
				</ee:message>
			</ee:transform>
		</on-error-propagate>
		<on-error-propagate enableNotifications="true" logException="true" doc:name="On Error Propagate" doc:id="a4990bff-f376-4dd1-aec5-ecd1e0fa3af6" type="APIKIT:NOT_ACCEPTABLE" >
			<set-variable value="#[406]" doc:name="httpStatus 406" doc:id="7f3d0d05-8185-488a-ab78-a10275731b9b" variableName="httpStatus" />
			<ee:transform doc:name="Map Error Payload" doc:id="f9c035e6-c545-4ea1-ba67-3361653d9e0e" >
				<ee:message >
					<ee:set-payload resource="dwl/errorHandler/406.dwl" />
				</ee:message>
			</ee:transform>
		</on-error-propagate>
		<on-error-propagate enableNotifications="true" logException="true" doc:name="On Error Propagate" doc:id="20e11e11-c710-4aa0-b5a1-8946bccd6176" type="APIKIT:UNSUPPORTED_MEDIA_TYPE" >
			<set-variable value="#[415]" doc:name="httpStatus 415" doc:id="dce5cb79-ec1e-44b8-9bb0-6667226dfb9d" variableName="httpStatus" />
			<ee:transform doc:name="Map Error Payload" doc:id="6a88f520-670b-4e47-b132-3168dd2f48b0" >
				<ee:message >
					<ee:set-payload resource="dwl/errorHandler/415.dwl" />
				</ee:message>
			</ee:transform>
		</on-error-propagate>
		<on-error-propagate enableNotifications="true" logException="true" doc:name="On Error Propagate" doc:id="da4fd838-e7d6-4043-9b85-30bd3725cf86" type="APIKIT:NOT_IMPLEMENTED" >
			<set-variable value="#[501]" doc:name="httpStatus 501" doc:id="c1ff58b3-efab-4a52-8eb9-11ab0458e9fc" variableName="httpStatus" />
			<ee:transform doc:name="Map Error Payload" doc:id="65d8737a-e49e-4275-b251-7d129855ec60" >
				<ee:message >
					<ee:set-payload resource="dwl/errorHandler/501.dwl" />
				</ee:message>
			</ee:transform>
		</on-error-propagate>
		<on-error-propagate enableNotifications="true" logException="true" doc:name="On Error Propagate" doc:id="e5b3766b-6658-4a3c-a81a-3482bf05af58" type="ANY">
			<set-variable value="#[500]" doc:name="httpStatus 500" doc:id="220a5cc9-9102-4407-94f0-9608c333d939" variableName="httpStatus" />
			<ee:transform doc:name="Map Error Payload" doc:id="0bb17caa-02c6-4fba-8ace-8ec663dc7dc3" >
				<ee:message >
					<ee:set-payload resource="dwl/errorHandler/500.dwl" />
				</ee:message>
			</ee:transform>
		</on-error-propagate>
	</error-handler>
	<error-handler name="global-error-handler" doc:id="feefd997-b8e6-44c2-b896-9d3a636ebfd3" >
		<on-error-continue enableNotifications="true" logException="true" doc:name="On Error Continue" doc:id="899c6d05-b4d9-43a3-b8ce-a87affd446bd" type="CUSTOM:HEADERS_VALIDATION_FAILED,JSON:SCHEMA_NOT_HONOURED,HTTP:BAD_REQUEST" >
			<set-variable value="#[400]" doc:name="httpStatus 400" doc:id="0d8dbbae-a31e-4ae7-b13c-dce00968dcfb" variableName="httpStatus" />
			<ee:transform doc:name="Map Error Payload" doc:id="04164162-f617-4fcf-a63e-3e87f59727bf" >
				<ee:message >
					<ee:set-payload resource="dwl/errorHandler/400.dwl" />
				</ee:message>
			</ee:transform>
		</on-error-continue>
		<on-error-continue enableNotifications="true" logException="true" doc:name="On Error Continue" doc:id="e995d1ec-7b5b-4e43-ab04-c92eacbaba07" type="HTTP:UNAUTHORIZED" >
			<set-variable value="#[401]" doc:name="httpStatus 401" doc:id="c6bba85b-1ea7-48da-a3ba-23e0f3d6fd38" variableName="httpStatus" />
			<ee:transform doc:name="Map Error Payload" doc:id="d25f6df0-2b49-4547-aa3d-337c0710bdeb" >
				<ee:message >
					<ee:set-payload resource="dwl/errorHandler/401.dwl" />
				</ee:message>
			</ee:transform>
		</on-error-continue>
		<on-error-continue enableNotifications="true" logException="true" doc:name="On Error Continue" doc:id="5ce92d7f-a1b4-4315-8dc6-e806bd051100" type="HTTP:FORBIDDEN" >
			<set-variable value="#[403]" doc:name="httpStatus 403" doc:id="d2a4e129-6015-4225-b167-2f8adfd096fc" variableName="httpStatus" />
			<ee:transform doc:name="Map Error Payload" doc:id="11344fc5-8002-4801-bf58-d342dbe85e7c" >
				<ee:message >
					<ee:set-payload resource="dwl/errorHandler/403.dwl" />
				</ee:message>
			</ee:transform>
		</on-error-continue>
		<on-error-continue enableNotifications="true" logException="true" doc:name="On Error Continue" doc:id="ff0d93c0-0fec-48a2-b61b-4e60f9af17db" type="HTTP:NOT_FOUND" >
			<set-variable value="#[404]" doc:name="httpStatus 404" doc:id="5bae6ed2-149a-40ce-be67-69894d640d7d" variableName="httpStatus" />
			<ee:transform doc:name="Map Error Payload" doc:id="d3dc2ae8-c855-45c4-914c-4312e07c7e7c" >
				<ee:message >
					<ee:set-payload resource="dwl/errorHandler/404.dwl" />
				</ee:message>
			</ee:transform>
		</on-error-continue>
		<on-error-continue enableNotifications="true" logException="true" doc:name="On Error Continue" doc:id="5b246215-1a98-4049-8fb3-fd7ac1322235" type="HTTP:NOT_ACCEPTABLE" >
			<set-variable value="#[406]" doc:name="httpStatus 406" doc:id="a3cdc8da-2e16-435f-80d3-49e0987784f9" variableName="httpStatus" />
			<ee:transform doc:name="Map Error Payload" doc:id="feafa6aa-23ce-4079-8b93-4a380f03d805" >
				<ee:message >
					<ee:set-payload resource="dwl/errorHandler/406.dwl" />
				</ee:message>
			</ee:transform>
		</on-error-continue>
		<on-error-continue enableNotifications="true" logException="true" doc:name="On Error Continue" doc:id="15faa70b-e895-48f8-bf08-3b07de53f333" type="HTTP:TIMEOUT, HTTP:CONNECTIVITY" >
			<set-variable value="#[408]" doc:name="httpStatus 408" doc:id="1d692795-e6ba-41aa-9f5a-412dd4bd4bd7" variableName="httpStatus" />
			<ee:transform doc:name="Map Error Payload" doc:id="214eec6a-1a4f-4536-9123-3f6128a34dbf" >
				<ee:message >
					<ee:set-payload resource="dwl/errorHandler/408.dwl" />
				</ee:message>
			</ee:transform>
		</on-error-continue>
		<on-error-continue enableNotifications="true" logException="true" doc:name="On Error Continue" doc:id="195b7480-d06c-4889-8279-bc2a8b8d6d0c" type="HTTP:TOO_MANY_REQUESTS" >
			<set-variable value="#[429]" doc:name="httpStatus 429" doc:id="f94352a3-05d2-4054-82d9-a3ab9b3322c4" variableName="httpStatus" />
			<ee:transform doc:name="Map Error Payload" doc:id="2b86eb49-792d-4b00-975a-31237f9449eb" >
				<ee:message >
					<ee:set-payload resource="dwl/errorHandler/429.dwl" />
				</ee:message>
			</ee:transform>
		</on-error-continue>
		<on-error-continue enableNotifications="true" logException="true" doc:name="On Error Continue" doc:id="6e094322-529c-4380-8a0b-6ec1ff9c978e" type="ANY" >
			<set-variable value="#[500]" doc:name="httpStatus 500" doc:id="ecb3c7a5-d19f-4e7b-b63c-aa975b5f9114" variableName="httpStatus" />
			<ee:transform doc:name="Map Error Payload" doc:id="c4837b8e-fd84-475e-a93e-4de32cfb2db2" >
				<ee:message >
					<ee:set-payload resource="dwl/errorHandler/500.dwl" />
				</ee:message>
			</ee:transform>
		</on-error-continue>
	</error-handler>
</mule>
