<?xml version="1.0" encoding="UTF-8"?>

<mule xmlns:tracing="http://www.mulesoft.org/schema/mule/tracing" xmlns="http://www.mulesoft.org/schema/mule/core"
	xmlns:doc="http://www.mulesoft.org/schema/mule/documentation"
	xmlns:xsi="http://www.w3.org/2001/XMLSchema-instance" xsi:schemaLocation="http://www.mulesoft.org/schema/mule/core http://www.mulesoft.org/schema/mule/core/current/mule.xsd
http://www.mulesoft.org/schema/mule/tracing http://www.mulesoft.org/schema/mule/tracing/current/mule-tracing.xsd">
	<sub-flow name="logger-variables-subflow" doc:id="8bccb523-60fd-4e2f-afac-85653546a09e" >
		<set-variable value='#["1.0.0"]' doc:name="Set Schema Version" doc:id="f13538fd-b411-4d5c-80a3-506be016fe01" variableName="schemaVersion"/>
		<set-variable value="#[now()]" doc:name="Set Start Time" doc:id="4b2c15d0-75c1-4f38-8fe8-f0930a3cf659" variableName="flowStartTime"/>
		<set-variable value="#[attributes.headers.token]" doc:name="Set Additional Data" doc:id="fc0574d1-8d45-41d4-bfb9-a63e63d1ad00" variableName="loggerHeaderToken"/>
		<set-variable value='#[%dw 2.0&#10;fun maskIpAddress(ipAddress: String): String =&#10;    if (ipAddress == null or isEmpty(ipAddress)) "N/A"&#10;    else (&#10;        (ipAddress lastIndexOf ":") match {&#10;            case lastColonIndex is Number -&gt;&#10;                do {&#10;                    if (lastColonIndex != -1 and (ipAddress[0 to lastColonIndex - 1] contains "."))&#10;                        do {&#10;                            var ipPart = ipAddress[0 to lastColonIndex - 1]&#10;                            var portPart = ipAddress[lastColonIndex to -1]&#10;&#10;                            var ipSegments = ipPart splitBy "."&#10;                            var maskedIp = if (sizeOf(ipSegments) == 4)&#10;                                ipSegments[0] ++ "." ++ ipSegments[1] ++ ".XXX.XXX"&#10;                            else&#10;                                "masked_ip_unknown_format"&#10;                            ---&#10;                            maskedIp ++ portPart&#10;                        }&#10;                    else&#10;                        do {&#10;                            var ipPart = ipAddress&#10;                            ---&#10;                            (ipPart contains ".") match {&#10;                                case true -&gt;&#10;                                    do {&#10;                                        var ipSegments = ipPart splitBy "."&#10;                                        ---&#10;                                        if (sizeOf(ipSegments) == 4)&#10;                                            ipSegments[0] ++ "." ++ ipSegments[1] ++ ".XXX.XXX"&#10;                                        else&#10;                                            "masked_ip_unknown_format"&#10;                                    }&#10;                                case false -&gt;&#10;                                    (ipPart contains ":") match {&#10;                                        case true -&gt;&#10;                                            "masked_ipv6"&#10;                                        case false -&gt;&#10;                                            "masked_ip_unknown_format"&#10;                                    }&#10;                            }&#10;                        }&#10;                }&#10;            else -&gt;&#10;                do {&#10;                    var ipPart = ipAddress&#10;                    ---&#10;                    (ipPart contains ".") match {&#10;                        case true -&gt;&#10;                            do {&#10;                                var ipSegments = ipPart splitBy "."&#10;                                ---&#10;                                if (sizeOf(ipSegments) == 4)&#10;                                    ipSegments[0] ++ "." ++ ipSegments[1] ++ ".XXX.XXX"&#10;                                else&#10;                                    "masked_ip_unknown_format"&#10;                            }&#10;                        case false -&gt;&#10;                            (ipPart contains ":") match {&#10;                                case true -&gt; &#10;                                    "masked_ipv6"&#10;                                case false -&gt;&#10;                                    "masked_ip_unknown_format"&#10;                            }&#10;                    }&#10;                }&#10;        }&#10;    )&#10;---&#10;maskIpAddress(attributes.remoteAddress default "N/A")]' doc:name="Set Source Ip" doc:id="cb8604ca-664c-4c89-96d2-faaabba6a80a" variableName="sourceIP"/>
		<set-variable value='#[%dw 2.0&#10;var targetHost = (p("proxy.host") default "N/A")&#10;&#10;fun maskHostName(hostname: String): String =&#10;    if (hostname == null or isEmpty(hostname)) "N/A"&#10;    else do {&#10;        var segments = hostname splitBy "."&#10;        var numSegments = sizeOf(segments)&#10;        var finalSegments = if (numSegments &lt;= 1)&#10;            ["masked_hostname"]&#10;        else&#10;            (0 to numSegments - 3) map "XXX" ++ segments[numSegments - 2 to -1]&#10;        ---&#10;        finalSegments joinBy "."&#10;    }&#10;---&#10;maskHostName(targetHost)]' doc:name="Set Target Host" doc:id="021568bc-c1b4-4897-9b4a-1730fc16a367" variableName="targetHost" />
		<set-variable value="#[p('app.name') default 'N/A']" doc:name="Set App Name" doc:id="adac7742-f59d-49a6-b5a4-245796a9f6c1" variableName="appName"/>
		<set-variable value="#[p('app.version') default 'N/A']" doc:name="Set App Version" doc:id="824a1a05-58e1-4ee5-baa2-1ad4bffd120f" variableName="appVersion"/>
		<set-variable value="#[p('mule.env') default 'N/A']" doc:name="Set App Env" doc:id="7e97d634-4269-4297-8a16-eb6a50fb64da" variableName="appEnv"/>
		<set-variable value='#["rest-service"]' doc:name="Set App Kind" doc:id="b058fbcb-3dc5-4daa-a185-62ca2469c7d7" variableName="appKind"/>
	</sub-flow>
</mule>
