{
  "customerCreditRatingState": {
    "customerReference": {
      "partyRelationship": [
        {
          "customerRelationshipInvolvementType": "REFERENCIA",
          "referenceId": "XBEHCB7373JNK",
          "partyRelationshipType": "3",
          "personName": {
            "fullName": "XBEHCB7373JNK"
          },
          "contactPoint": [
            {
              "contactPointValue": "XBEHCB7373JNK",
              "contactPointType": "phone Number"
            }
          ]
        }
      ]
    }
  },
  "incomeProfile": {
    "salaryAmount": "7000",
    "salaryFrequency": 5,
    "otherIncome": [
      {
        "incomeType": 1
      }
    ]
  },
  "creditAmount": 500.45,
  "companyReference": "001",
  "applicationNumber": "060594"
}
