<?xml version="1.0" encoding="UTF-8"?>

<mule xmlns:ee="http://www.mulesoft.org/schema/mule/ee/core" xmlns="http://www.mulesoft.org/schema/mule/core"
	xmlns:doc="http://www.mulesoft.org/schema/mule/documentation"
	xmlns:xsi="http://www.w3.org/2001/XMLSchema-instance" xsi:schemaLocation="http://www.mulesoft.org/schema/mule/core http://www.mulesoft.org/schema/mule/core/current/mule.xsd
http://www.mulesoft.org/schema/mule/ee/core http://www.mulesoft.org/schema/mule/ee/core/current/mule-ee.xsd">
	<sub-flow name="get-db-flights-sub-flow" doc:id="ae048d1a-c14b-4c90-b727-aa73bb95cb02" >
		<logger level="INFO" doc:name="Flow Execution" doc:id="e6471553-0cc9-4d09-866f-d28fc4dc80a8" message='{"message": "Starting flow: get-api-character-sub-flow"}' />
		<set-variable value='#[%dw 2.0&#10;output application/java&#10;---&#10;{&#10;	flow: "db-american-flights-get-flights-sub-flow",&#10;	retries: "5",&#10;	time: "5000"&#10;}]' doc:name="Until Susccesful" doc:id="0c19e517-4bac-4254-9445-0bcbac4390c0" variableName="untilSusccesful" />
		<flow-ref doc:name="api-swapi-get-people-subflow" doc:id="19e88f1a-fec4-4905-a1ea-cfe7867b597f" name="until-succesful-common-sub-flow" />
		<ee:transform doc:name="Set Result Json" doc:id="99d720a3-9139-427b-970e-42c2a3d162a9" >
			<ee:message >
				<ee:set-payload ><![CDATA[%dw 2.0
output application/json
---
paylaod]]></ee:set-payload>
			</ee:message>
		</ee:transform>
		<logger level="INFO" doc:name="Flow End Execution" doc:id="63cf8141-f230-471a-8a6c-06e47d637c5c" message='{"message": "End of flow: get-api-character-sub-flow"}' />
	</sub-flow>
</mule>
