<?xml version="1.0" encoding="UTF-8"?>

<mule xmlns:http="http://www.mulesoft.org/schema/mule/http" xmlns:ee="http://www.mulesoft.org/schema/mule/ee/core"
	xmlns="http://www.mulesoft.org/schema/mule/core"
	xmlns:doc="http://www.mulesoft.org/schema/mule/documentation" xmlns:xsi="http://www.w3.org/2001/XMLSchema-instance" xsi:schemaLocation="http://www.mulesoft.org/schema/mule/core http://www.mulesoft.org/schema/mule/core/current/mule.xsd
http://www.mulesoft.org/schema/mule/ee/core http://www.mulesoft.org/schema/mule/ee/core/current/mule-ee.xsd
http://www.mulesoft.org/schema/mule/http http://www.mulesoft.org/schema/mule/http/current/mule-http.xsd">
	<sub-flow name="health-check-sub-flow" doc:id="0526a7f9-4e26-48a8-9fd4-30762d997584" >
		<set-variable value='#[%dw 2.0&#10;output application/java&#10;---&#10;{&#10;	flow: "api-mulesoft-cloudhub2-status-sub-flow",&#10;	retries: "5",&#10;	time: "5000"&#10;}]' doc:name="Until Succesful" doc:id="4cb6b083-6ca3-42a7-8493-ad91e56a0d27" variableName="untilSuccesful"/>
		<flow-ref doc:name="api-mulesoft-cloudhub2-status-sub-flow" doc:id="44d9aa48-a25d-45c9-8021-0939f546bfc6" name="until-succesful-common-sub-flow" target="status"/>
		<ee:transform doc:name="Query" doc:id="eb88b492-573a-4569-9ae2-82532769611e" >
			<ee:message >
				<ee:set-payload ><![CDATA[%dw 2.0
output application/json
var time= Mule::p("mulesoft.metrics.minutes")
var timestamp_now = (((now() >> 'UTC-6') as Number) * 1000)
var timestamp_30m = (((now() >> 'UTC-6') - |PT30M| as Number) * 1000)
---
{"query":"SELECT COUNT(requests) AS requests, timestamp, \"http.status_code_group\" as status_code_group FROM \"mulesoft.app.inbound\" WHERE \"sub_org.id\" = '" ++ Mule::p('mulesoft.orgId') ++ "' AND \"env.id\" = '" ++ Mule::p('mulesoft.envId') ++ "' AND \"app.id\" = '" ++ Mule::p('mulesoft.appName') ++ "' AND timestamp BETWEEN " ++ timestamp_30m ++ " AND " ++ timestamp_now ++ " GROUP BY \"http.status_code_group\" TIMESERIES"}]]></ee:set-payload>
			</ee:message>
			<ee:variables >
				<ee:set-variable variableName="untilSuccesful" ><![CDATA[%dw 2.0
output application/java
---
{
	flow: "api-mulesoft-metrics-search-sub-flow",
	retries: "5",
	time: "5000"
}]]></ee:set-variable>
			</ee:variables>
		</ee:transform>
		<flow-ref doc:name="api-mulesoft-metrics-search-sub-flow" doc:id="3b417bbe-6a4a-41e4-a117-d43b3508bfc7" name="until-succesful-common-sub-flow" target="metrics"/>
		<ee:transform doc:name="Health Check" doc:id="c408f6bf-0c4b-4c29-ad80-29838227fb0a" >
			<ee:message >
				<ee:set-payload ><![CDATA[%dw 2.0
output application/json
import * from dw::util::Values
---
{
    status: vars.status.application.status,
    desiredState: vars.status.application.desiredState,
    lastModifiedDate: vars.status.lastModifiedDate as DateTime {unit: "milliseconds"},
    time_interval: Mule::p("mulesoft.metrics.minutes"),
    data:vars.metrics.data map ((item, index) -> item  update 'timestamp' with item.timestamp as DateTime {unit: "milliseconds"})
}]]></ee:set-payload>
			</ee:message>
		</ee:transform>
	</sub-flow>
</mule>
