<?xml version="1.0" encoding="UTF-8"?>

<mule xmlns:ee="http://www.mulesoft.org/schema/mule/ee/core" xmlns="http://www.mulesoft.org/schema/mule/core"
	xmlns:doc="http://www.mulesoft.org/schema/mule/documentation"
	xmlns:xsi="http://www.w3.org/2001/XMLSchema-instance" xsi:schemaLocation="http://www.mulesoft.org/schema/mule/core http://www.mulesoft.org/schema/mule/core/current/mule.xsd
http://www.mulesoft.org/schema/mule/ee/core http://www.mulesoft.org/schema/mule/ee/core/current/mule-ee.xsd">
	<sub-flow name="post-customer-credit-rating-state-initiate-orchestrator-sub-flow" doc:id="4ffa12cc-7f3f-45b2-9345-db3a8bbc8c15" >
		<logger level="INFO" doc:name="Logger" doc:id="26a358ac-4858-418a-bc37-a965ba849d30" message="#['Customer Credit Rating State Initiate Orchestrator - CorrelationId: ' ++ correlationId]"/>
		<flow-ref doc:name="TD_001" doc:id="e6b2f9b7-0713-4158-a373-24c1b0f07fb3" name="post-customer-credit-rating-state-initiate-orchestratorSub_FlowTD_001"/>
		<flow-ref doc:name="TD_002 output" doc:id="52292b5d-74ad-4b6a-a69a-5b9df8d6b4bd" name="post-customer-credit-rating-state-initiate-orchestratorSub_FlowTD_002"/>
	</sub-flow>
	<sub-flow name="post-customer-credit-rating-state-initiate-orchestratorSub_FlowTD_001" doc:id="02e765c1-108f-4f46-b76b-2068404db516" >
		<ee:transform doc:name="setRequestBody" doc:id="bddbdeeb-0a9e-4f97-930d-a882b4c74b39">
			<ee:message>
				<ee:set-payload><![CDATA[%dw 2.0
output application/json
---
{
  "customerCreditRatingState": {
    "customerReference": {
      "partyRelationship": payload.customerCreditRatingState.customerReference.partyRelationship map (value,index) -> do {
          var ref = if(value.customerRelationshipInvolvementType == "CONYUGE")
          {
              "customerRelationshipInvolvementType":  value.customerRelationshipInvolvementType,
              "referenceId": value.referenceId
          }
          else 
          {
              "customerRelationshipInvolvementType":  value.customerRelationshipInvolvementType,
              "referenceId": value.referenceId,
              "partyRelationshipType": value.partyRelationshipType,
              "personName": {
                  "fullName": value.personName.fullName
              },
              "contactPoint": value.contactPoint
          }
          ---
          ref
        }
    }
},
    "incomeProfile": {
      "salaryAmount": payload.incomeProfile.salaryAmount,
      "salaryFrequency": payload.incomeProfile.salaryFrequency,
      "otherIncome": payload.incomeProfile.otherIncome map ((item, index) -> {
          "incomeType": item.incomeType
      })
    },
    "creditAmount": payload.creditAmount,
    "companyReference": payload.companyReference,
    "applicationNumber": payload.applicationNumber
  
}]]></ee:set-payload>
			</ee:message>
		</ee:transform>
		<flow-ref doc:name="post-customer-credit-rating-state-initiate-client-sub-flow" doc:id="84ab9625-4fc2-4cf9-b8d0-879bbedc0106" name="post-customer-credit-rating-state-initiate-client-sub-flow" targetValue="#[attributes.statusCode as Number]"/>
	</sub-flow>
	<sub-flow name="post-customer-credit-rating-state-initiate-orchestratorSub_FlowTD_002" doc:id="b35d7211-7fd8-43bf-973a-a785159bdb92" >
		<flow-ref doc:name="validationStatusCode_200" doc:id="94c5e164-b0c1-453d-8bdd-ff0cbf3c2173" targetValue="#[attributes]" name="validationStatusCode-200"/>
		<ee:transform doc:name="outputPro" doc:id="08c2912b-22cf-43dc-8ccd-b2da0ac8c051" >
			<ee:message >
				<ee:set-payload ><![CDATA[%dw 2.0
output application/json
---
{
	"requestStatus": payload.requestStatus
}]]></ee:set-payload>
				<ee:set-attributes ><![CDATA[%dw 2.0
output application/json
---
{
	"statusCode": attributes.statusCode
}]]></ee:set-attributes>
			</ee:message>
		</ee:transform>
	</sub-flow>
</mule>
