{
	"$schema": "http://json-schema.org/draft-04/schema#",
	"type": "object",
	"properties": {
		"internalCustomerCreditRating": {
			"type": "object",
			"properties": {
				"companyReference": {
					"type": "string",
					"minLength": 1
				},
				"applicationReferenceId": {
					"type": "string",
					"minLength": 1
				},
				"applicationStatus": {
					"type": "string",
					"minLength": 1
				},
				"parametrics": {
					"type": "array",
					"items": [

						{
							"type": "object",
							"properties": {
								"parametricValue": {
									"type": "string",
									"minLength": 1
								},
								"parametricType": {
									"type": "string",
									"minLength": 1
								}
							},
							"required": [
								"parametricValue",
								"parametricType"
							]
						},

						{
							"type": "object",
							"properties": {
								"parametricValue": {
									"type": "string",
									"minLength": 1
								},
								"parametricType": {
									"type": "string",
									"minLength": 1
								}
							},
							"required": [
								"parametricValue",
								"parametricType"
							]
						},

						{
							"type": "object",
							"properties": {
								"parametricValue": {
									"type": "string",
									"minLength": 1
								},
								"parametricType": {
									"type": "string",
									"minLength": 1
								}
							},
							"required": [
								"parametricValue",
								"parametricType"
							]
						},

						{
							"type": "object",
							"properties": {
								"parametricValue": {
									"type": "string",
									"minLength": 1
								},
								"parametricType": {
									"type": "string",
									"minLength": 1
								}
							},
							"required": [
								"parametricValue",
								"parametricType"
							]
						}
					]
				},
				"specialConditions": {
					"type": "array",
					"items": [

						{
							"type": "object",
							"properties": {
								"specialConditionType": {
									"type": "string",
									"minLength": 1
								},
								"name": {
									"type": "integer",
									"minLength": 1
								}
							},
							"required": [
								"specialConditionType",
								"name"
							]
						}
					]
				},
				"scoring": {
					"type": "integer",
					"minLength": 1
				},
				"salaryAmount": {
					"type": "integer",
					"minLength": 1
				},
				"financialCapability": {
					"type": "integer",
					"minLength": 1
				},
				"maximumLoanTerm": {
					"type": "integer",
					"minLength": 1
				},
				"maximumPaymentCapacity": {
					"type": "integer",
					"minLength": 1
				},
				"actualPaymentCapability": {
					"type": "integer",
					"minLength": 1
				},
				"creditLine": {
					"type": "integer",
					"minLength": 1
				},
				"overallCreditCap": {
					"type": "integer",
					"minLength": 1
				},
				"cutDate": {
					"type": "object",
					"properties": {
						"dateContent": {
							"type": "string",
							"minLength": 1
						}
					},
					"required": [
						"dateContent"
					]
				},
				"endDate": {
					"type": "object",
					"properties": {
						"dateContent": {
							"type": "string",
							"minLength": 1
						}
					},
					"required": [
						"dateContent"
					]
				},
				"haveSpecialCreditLine": {
					"type": "boolean",
					"minLength": 1
				},
				"committedAmount": {
					"type": "integer",
					"minLength": 1
				},
				"creditLimit": {
					"type": "integer",
					"minLength": 1
				},
				"creditLimitCurrentAccount": {
					"type": "integer",
					"minLength": 1
				},
				"detailInternalCustomerCreditRating": {
					"type": "array",
					"items": [

						{
							"type": "object",
							"properties": {
								"value": {
									"type": "string",
									"minLength": 1
								},
								"name": {
									"type": "string",
									"minLength": 1
								}
							},
							"required": [
								"value",
								"name"
							]
						},

						{
							"type": "object",
							"properties": {
								"value": {
									"type": "string",
									"minLength": 1
								},
								"name": {
									"type": "string",
									"minLength": 1
								}
							},
							"required": [
								"value",
								"name"
							]
						},

						{
							"type": "object",
							"properties": {
								"value": {
									"type": "string",
									"minLength": 1
								},
								"name": {
									"type": "string",
									"minLength": 1
								}
							},
							"required": [
								"value",
								"name"
							]
						},

						{
							"type": "object",
							"properties": {
								"value": {
									"type": "string",
									"minLength": 1
								},
								"name": {
									"type": "string",
									"minLength": 1
								}
							},
							"required": [
								"value",
								"name"
							]
						}
					]
				},
				"partyReference": {
					"type": "object",
					"properties": {
						"referenceId": {
							"type": "string",
							"minLength": 1
						}
					},
					"required": [
						"referenceId"
					]
				},
				"specialSituation": {
					"type": "integer",
					"minLength": 1
				},
				"paymentTimelinessFirtsReference": {
					"type": "string",
					"minLength": 1
				},
				"paymentTimelinessSecondReference": {
					"type": "string",
					"minLength": 1
				},
				"testApproved": {
					"type": "boolean",
					"minLength": 1
				},
				"directApproval": {
					"type": "boolean",
					"minLength": 1
				},
				"internalScoring": {
					"type": "integer",
					"minLength": 1
				},
				"externalScoring": {
					"type": "integer",
					"minLength": 1
				},
				"housingAreaScoring": {
					"type": "integer",
					"minLength": 1
				},
				"finalScoring": {
					"type": "integer",
					"minLength": 1
				},
				"highRiskScoring": {
					"type": "integer",
					"minLength": 1
				},
				"needInitialDeposit": {
					"type": "boolean",
					"minLength": 1
				},
				"initialDepositPercentage": {
					"type": "string",
					"minLength": 1
				},
				"initialDeposit": {
					"type": "integer",
					"minLength": 1
				},
				"approvedLoan": {
					"type": "boolean",
					"minLength": 1
				},
				"providerChannel": {
					"type": "string",
					"minLength": 1
				},
				"partyEvaluationGroup": {
					"type": "string",
					"minLength": 1
				},
				"creditRiskCategory": {
					"type": "string",
					"minLength": 1
				},
				"approvedMotorclycleLoan": {
					"type": "boolean",
					"minLength": 1
				},
				"motorcycleLoanAmount": {
					"type": "integer",
					"minLength": 1
				},
				"motorcycleLoanPercentage": {
					"type": "string",
					"minLength": 1
				},
				"applicantType": {
					"type": "integer",
					"minLength": 1
				}
			},
			"required": [
				"companyReference",
				"applicationReferenceId",
				"applicationStatus",
				"parametrics",
				"specialConditions",
				"scoring",
				"salaryAmount",
				"financialCapability",
				"maximumLoanTerm",
				"maximumPaymentCapacity",
				"actualPaymentCapability",
				"creditLine",
				"overallCreditCap",
				"cutDate",
				"endDate",
				"haveSpecialCreditLine",
				"committedAmount",
				"creditLimit",
				"creditLimitCurrentAccount",
				"detailInternalCustomerCreditRating",
				"partyReference",
				"specialSituation",
				"paymentTimelinessFirtsReference",
				"paymentTimelinessSecondReference",
				"testApproved",
				"directApproval",
				"internalScoring",
				"externalScoring",
				"housingAreaScoring",
				"finalScoring",
				"highRiskScoring",
				"needInitialDeposit",
				"initialDepositPercentage",
				"initialDeposit",
				"approvedLoan",
				"providerChannel",
				"partyEvaluationGroup",
				"creditRiskCategory",
				"approvedMotorclycleLoan",
				"motorcycleLoanAmount",
				"motorcycleLoanPercentage",
				"applicantType"
			]
		}
	},
	"required": [
		"internalCustomerCreditRating"
	]
}