{
  "$schema": "http://json-schema.org/draft-04/schema#",
  "type": "object",
  "properties": {
    "applicationDate": {
      "type": "string"
    },
    "applicationCAT": {
      "type": "string"
    },
    "applicationGroup": {
      "type": "string"
    },
    "prospectRegistrationType": {
      "type": "string"
    },
    "applicationIneValidation": {
      "type": "string"
    },
    "applicationInvoice": {
      "type": "string"
    },
    "applicationLastQueryDate": {
      "type": "string"
    },
    "applicationOstel": {
      "type": "string"
    },
    "applicationReason": {
      "type": "string"
    },
    "applicationReferenceCoppel": {
      "type": "string"
    },
    "applicationRequestAmount": {
      "type": "integer"
    },
    "applicationSource": {
      "type": "string"
    },
    "applicationSourceChannel": {
      "type": "integer"
    },
    "applicationType": {
      "type": "string"
    },
    "applicationStatus": {
      "type": "string"
    },
    "bankBranch": {
      "type": "object",
      "properties": {
        "branchReference": {
          "type": "string"
        }
      },
      "required": [
        "branchReference"
      ]
    },
    "biometric": {
      "type": "object",
      "properties": {
        "authenticationBiometricRecord": {
          "type": "string"
        }
      },
      "required": [
        "authenticationBiometricRecord"
      ]
    },
    "companyReference": {
      "type": "string"
    },
    "compromiseRecord": {
      "type": "integer"
    },
    "creditHistory": {
      "type": "object",
      "properties": {
        "acountRecord": {
          "type": "object",
          "properties": {
            "numberOfAccounts": {
              "type": "array",
              "items": [
                {
                  "type": "object",
                  "properties": {
                    "amount": {
                      "type": "integer"
                    },
                    "accountType": {
                      "type": "string"
                    }
                  },
                  "required": [
                    "amount",
                    "accountType"
                  ]
                }
              ]
            }
          },
          "required": [
            "numberOfAccounts"
          ]
        },
        "historyProspectMonths": {
          "type": "integer"
        },
        "allowedMonths": {
          "type": "integer"
        },
        "clientRequest": {
          "type": "integer"
        },
        "creditEfficiency": {
          "type": "integer"
        },
        "creditExperience": {
          "type": "integer"
        },
        "creditHistoryParameters": {
          "type": "array",
          "items": [
            {
              "type": "object",
              "properties": {
                "parameterType": {
                  "type": "string"
                },
                "parameterIdentifier": {
                  "type": "integer"
                }
              },
              "required": [
                "parameterType",
                "parameterIdentifier"
              ]
            }
          ]
        },
        "creditStatus": {
          "type": "array",
          "items": [
            {
              "type": "object",
              "properties": {
                "status": {
                  "type": "integer"
                }
              },
              "required": [
                "status"
              ]
            }
          ]
        },
        "experienceReferenceId": {
          "type": "string"
        },
        "expiredBalance": {
          "type": "integer"
        },
        "expiredCoppelBalance": {
          "type": "integer"
        },
        "historyMonths": {
          "type": "string"
        },
        "historyPaymentStatus": {
          "type": "string"
        },
        "minimumIncome": {
          "type": "integer"
        },
        "minimumMonths": {
          "type": "integer"
        },
        "monthAverage": {
          "type": "integer"
        },
        "mopRecord": {
          "type": "object",
          "properties": {
            "mopAmount": {
              "type": "array",
              "items": [
                {
                  "type": "object",
                  "properties": {
                    "amountType": {
                      "type": "string"
                    },
                    "amount": {
                      "type": "integer"
                    }
                  },
                  "required": [
                    "amountType",
                    "amount"
                  ]
                }
              ]
            },
            "numberOfAccounts": {
              "type": "array",
              "items": [
                {
                  "type": "object",
                  "properties": {
                    "accountType": {
                      "type": "string"
                    }
                  },
                  "required": [
                    "accountType"
                  ]
                }
              ]
            }
          },
          "required": [
            "mopAmount",
            "numberOfAccounts"
          ]
        },
        "oldestAccount": {
          "type": "integer"
        },
        "paymentRecord": {
          "type": "integer"
        },
        "percentage": {
          "type": "integer"
        },
        "reservedAmount": {
          "type": "integer"
        },
        "reservedBalance": {
          "type": "integer"
        },
        "totalExpiredPayment": {
          "type": "integer"
        },
        "totalPayment": {
          "type": "integer"
        },
        "transactionType": {
          "type": "string"
        }
      },
      "required": [
        "acountRecord",
        "historyProspectMonths",
        "allowedMonths",
        "clientRequest",
        "creditEfficiency",
        "creditExperience",
        "creditHistoryParameters",
        "creditStatus",
        "experienceReferenceId",
        "expiredBalance",
        "expiredCoppelBalance",
        "historyMonths",
        "historyPaymentStatus",
        "minimumIncome",
        "minimumMonths",
        "monthAverage",
        "mopRecord",
        "oldestAccount",
        "paymentRecord",
        "percentage",
        "reservedAmount",
        "reservedBalance",
        "totalExpiredPayment",
        "totalPayment",
        "transactionType"
      ]
    },
    "creditProfile": {
      "type": "object",
      "properties": {
        "clothingCurrentBalance": {
          "type": "string"
        },
        "monthlyMembersPayment": {
          "type": "string"
        },
        "clothingOverdueBalance": {
          "type": "string"
        },
        "clothingPayment": {
          "type": "string"
        },
        "furnitureCurrentBalance": {
          "type": "string"
        },
        "furnitureOverdueBalance": {
          "type": "string"
        },
        "furniturePayment": {
          "type": "string"
        },
        "lastPayment": {
          "type": "string"
        },
        "lastPurchase": {
          "type": "string"
        },
        "loanCurrentBalance": {
          "type": "string"
        },
        "loanOverdueBalance": {
          "type": "string"
        },
        "loanPayment": {
          "type": "string"
        },
        "maximumIncome": {
          "type": "integer"
        },
        "monthlyAirtimePayment": {
          "type": "string"
        },
        "monthlyRestructurePayment": {
          "type": "string"
        },
        "overdueAirtimeBalance": {
          "type": "string"
        },
        "overdueMembersBalance": {
          "type": "string"
        },
        "overdueRestructureBalance": {
          "type": "string"
        },
        "scoring": {
          "type": "string"
        },
        "specialSituation": {
          "type": "string"
        },
        "specialSituationReason": {
          "type": "string"
        }
      },
      "required": [
        "clothingCurrentBalance",
        "monthlyMembersPayment",
        "clothingOverdueBalance",
        "clothingPayment",
        "furnitureCurrentBalance",
        "furnitureOverdueBalance",
        "furniturePayment",
        "lastPayment",
        "lastPurchase",
        "loanCurrentBalance",
        "loanOverdueBalance",
        "loanPayment",
        "maximumIncome",
        "monthlyAirtimePayment",
        "monthlyRestructurePayment",
        "overdueAirtimeBalance",
        "overdueMembersBalance",
        "overdueRestructureBalance",
        "scoring",
        "specialSituation",
        "specialSituationReason"
      ]
    },
    "creditRisk": {
      "type": "object",
      "properties": {
        "creditRiskType": {
          "type": "array",
          "items": [
            {
              "type": "object",
              "properties": {
                "creditRiskType": {
                  "type": "string"
                },
                "creditRiskSituation": {
                  "type": "integer"
                }
              },
              "required": [
                "creditRiskType",
                "creditRiskSituation"
              ]
            }
          ]
        }
      },
      "required": [
        "creditRiskType"
      ]
    },
    "currentAge": {
      "type": "integer"
    },
    "customerCreditRatingRecord": {
      "type": "integer"
    },
    "date": {
      "type": "string"
    },
    "daysAverage": {
      "type": "integer"
    },
    "detail": {
      "type": "string"
    },
    "economicActivityRisk": {
      "type": "string"
    },
    "economicActivityRiskRetail": {
      "type": "string"
    },
    "engineeringFlag": {
      "type": "string"
    },
    "group": {
      "type": "string"
    },
    "groupType": {
      "type": "integer"
    },
    "housingTypeRisk": {
      "type": "string"
    },
    "housingTypeRiskDetail": {
      "type": "string"
    },
    "incomeProfile": {
      "type": "object",
      "properties": {
        "incomeAgencyStatus": {
          "type": "string"
        },
        "incomeStatus": {
          "type": "string"
        },
        "otherIncome": {
          "type": "array",
          "items": [
            {
              "type": "object",
              "properties": {
                "incomeAmount": {
                  "type": "integer"
                }
              },
              "required": [
                "incomeAmount"
              ]
            }
          ]
        },
        "salaryAmount": {
          "type": "string"
        }
      },
      "required": [
        "incomeAgencyStatus",
        "incomeStatus",
        "otherIncome",
        "salaryAmount"
      ]
    },
    "interest": {
      "type": "array",
      "items": [
        {
          "type": "object",
          "properties": {
            "interestRate": {
              "type": "string"
            }
          },
          "required": [
            "interestRate"
          ]
        }
      ]
    },
    "internalReporting": {
      "type": "object",
      "properties": {
        "applicationStatus": {
          "type": "string"
        },
        "customerCompromise": {
          "type": "integer"
        },
        "customerCreditRatingRecord": {
          "type": "integer"
        },
        "customerCreditRatingRecordDetails": {
          "type": "string"
        },
        "exclusionClause": {
          "type": "array",
          "items": [
            {
              "type": "string"
            }
          ]
        },
        "internalCreditAnalysisReport": {
          "type": "object",
          "properties": {
            "accountBalance": {
              "type": "array",
              "items": [
                {
                  "type": "object",
                  "properties": {
                    "accountBalanceType": {
                      "type": "string"
                    },
                    "accountBalance": {
                      "type": "integer"
                    }
                  },
                  "required": [
                    "accountBalanceType",
                    "accountBalance"
                  ]
                }
              ]
            },
            "accountPeriods": {
              "type": "array",
              "items": [
                {
                  "type": "object",
                  "properties": {
                    "periodType": {
                      "type": "string"
                    },
                    "period": {
                      "type": "integer"
                    }
                  },
                  "required": [
                    "periodType",
                    "period"
                  ]
                }
              ]
            },
            "applicationBimonthlyCount": {
              "type": "integer"
            },
            "applicationCount": {
              "type": "integer"
            },
            "applicationType": {
              "type": "string"
            },
            "bankCommitments": {
              "type": "integer"
            },
            "bankPPCommitments": {
              "type": "integer"
            },
            "branchGeolocalization": {
              "type": "integer"
            },
            "collectionStatus": {
              "type": "string"
            },
            "creditLinesPercentage": {
              "type": "integer"
            },
            "creditMaximumOpeningDate": {
              "type": "string"
            },
            "creditMinimumOpeningDate": {
              "type": "string"
            },
            "creditOpeningDate": {
              "type": "string"
            },
            "creditValidation": {
              "type": "integer"
            },
            "customerTermPercentage": {
              "type": "integer"
            },
            "customerValidity": {
              "type": "string"
            },
            "customerValidityFirstPurchase": {
              "type": "string"
            },
            "depositAccount": {
              "type": "integer"
            },
            "financialRequestCount": {
              "type": "integer"
            },
            "financialRequests": {
              "type": "integer"
            },
            "geolocalization": {
              "type": "string"
            },
            "isCoppel": {
              "type": "integer"
            },
            "newPhoneApplicationStatus": {
              "type": "string"
            },
            "openAccountsPercentage": {
              "type": "string"
            },
            "orderResponseDate": {
              "type": "string"
            },
            "orderResponseStatus": {
              "type": "string"
            },
            "orderSequence": {
              "type": "integer"
            },
            "phoneApplicationStatus": {
              "type": "string"
            },
            "phoneMatch": {
              "type": "integer"
            },
            "requests": {
              "type": "string"
            },
            "reserveRiskAmount": {
              "type": "integer"
            },
            "sicRequests": {
              "type": "integer"
            }
          },
          "required": [
            "accountBalance",
            "accountPeriods",
            "applicationBimonthlyCount",
            "applicationCount",
            "applicationType",
            "bankCommitments",
            "bankPPCommitments",
            "branchGeolocalization",
            "collectionStatus",
            "creditLinesPercentage",
            "creditMaximumOpeningDate",
            "creditMinimumOpeningDate",
            "creditOpeningDate",
            "creditValidation",
            "customerTermPercentage",
            "customerValidity",
            "customerValidityFirstPurchase",
            "depositAccount",
            "financialRequestCount",
            "financialRequests",
            "geolocalization",
            "isCoppel",
            "newPhoneApplicationStatus",
            "openAccountsPercentage",
            "orderResponseDate",
            "orderResponseStatus",
            "orderSequence",
            "phoneApplicationStatus",
            "phoneMatch",
            "requests",
            "reserveRiskAmount",
            "sicRequests"
          ]
        },
        "internalRatingAssessment": {
          "type": "array",
          "items": [
            {
              "type": "object",
              "properties": {
                "ratingRecord": {
                  "type": "integer"
                },
                "ratingType": {
                  "type": "string"
                }
              },
              "required": [
                "ratingRecord",
                "ratingType"
              ]
            }
          ]
        },
        "keyType": {
          "type": "string"
        },
        "revolvingAccountPercentage": {
          "type": "integer"
        },
        "pointsHistory": {
          "type": "array",
          "items": [
            {
              "type": "object",
              "properties": {
                "points": {
                  "type": "integer"
                }
              },
              "required": [
                "points"
              ]
            }
          ]
        },
        "productandServiceActivityReportReference": {
          "type": "object",
          "properties": {
            "account": {
              "type": "object",
              "properties": {
                "accountAgeMonths": {
                  "type": "string"
                },
                "accountName": {
                  "type": "string"
                },
                "accountCollection": {
                  "type": "string"
                },
                "accountIdentification": {
                  "type": "array",
                  "items": [
                    {
                      "type": "object",
                      "properties": {
                        "identifierValue": {
                          "type": "string"
                        }
                      },
                      "required": [
                        "identifierValue"
                      ]
                    }
                  ]
                },
                "accountInvolvement": {
                  "type": "array",
                  "items": [
                    {
                      "type": "object",
                      "properties": {
                        "accountInvolvementType": {
                          "type": "string"
                        }
                      },
                      "required": [
                        "accountInvolvementType"
                      ]
                    }
                  ]
                },
                "accountMaxLine": {
                  "type": "integer"
                },
                "accountOrganisationName": {
                  "type": "string"
                },
                "accountPercentage": {
                  "type": "integer"
                }
              },
              "required": [
                "accountAgeMonths",
                "accountName",
                "accountCollection",
                "accountIdentification",
                "accountInvolvement",
                "accountMaxLine",
                "accountOrganisationName",
                "accountPercentage"
              ]
            },
            "creditFacilityNumber": {
              "type": "integer"
            },
            "creditLineAverage": {
              "type": "integer"
            },
            "creditLinePercentage": {
              "type": "integer"
            },
            "delinquency": {
              "type": "object",
              "properties": {
                "delinquencyDebt": {
                  "type": "array",
                  "items": [
                    {
                      "type": "object",
                      "properties": {
                        "delinquencyAmount": {
                          "type": "integer"
                        },
                        "delinquencyAmountType": {
                          "type": "string"
                        }
                      },
                      "required": [
                        "delinquencyAmount",
                        "delinquencyAmountType"
                      ]
                    }
                  ]
                },
                "delinquencyPeriod": {
                  "type": "integer"
                },
                "worstMop": {
                  "type": "integer"
                }
              },
              "required": [
                "delinquencyDebt",
                "delinquencyPeriod",
                "worstMop"
              ]
            },
            "loanBalance": {
              "type": "array",
              "items": [
                {
                  "type": "object",
                  "properties": {
                    "currentCapitalBalance": {
                      "type": "string"
                    },
                    "serviceFees": {
                      "type": "object",
                      "properties": {
                        "taxRate": {
                          "type": "string"
                        }
                      },
                      "required": [
                        "taxRate"
                      ]
                    }
                  },
                  "required": [
                    "currentCapitalBalance",
                    "serviceFees"
                  ]
                }
              ]
            },
            "loanFacility": {
              "type": "object",
              "properties": {
                "disbursementAmount": {
                  "type": "integer"
                },
                "limit": {
                  "type": "object",
                  "properties": {
                    "limitAmount": {
                      "type": "integer"
                    }
                  },
                  "required": [
                    "limitAmount"
                  ]
                },
                "paymentCapacity": {
                  "type": "integer"
                }
              },
              "required": [
                "disbursementAmount",
                "limit",
                "paymentCapacity"
              ]
            },
            "paymentCard": {
              "type": "object",
              "properties": {
                "cardCommitments": {
                  "type": "integer"
                },
                "cardNumber": {
                  "type": "string"
                },
                "paymentCardType": {
                  "type": "object",
                  "properties": {
                    "goldCard": {
                      "type": "integer"
                    }
                  },
                  "required": [
                    "goldCard"
                  ]
                }
              },
              "required": [
                "cardCommitments",
                "cardNumber",
                "paymentCardType"
              ]
            },
            "productInstanceRecord": {
              "type": "object",
              "properties": {
                "currentProductPercentage": {
                  "type": "integer"
                },
                "productInstanceReference": {
                  "type": "string"
                },
                "productPercentage": {
                  "type": "string"
                },
                "productSituation": {
                  "type": "string"
                }
              },
              "required": [
                "currentProductPercentage",
                "productInstanceReference",
                "productPercentage",
                "productSituation"
              ]
            },
            "productInstanceReference": {
              "type": "object",
              "properties": {
                "accountStatus": {
                  "type": "integer"
                },
                "creditDifferentStatus": {
                  "type": "string"
                },
                "creditStatus": {
                  "type": "integer"
                }
              },
              "required": [
                "accountStatus",
                "creditDifferentStatus",
                "creditStatus"
              ]
            }
          },
          "required": [
            "account",
            "creditFacilityNumber",
            "creditLineAverage",
            "creditLinePercentage",
            "delinquency",
            "loanBalance",
            "loanFacility",
            "paymentCard",
            "productInstanceRecord",
            "productInstanceReference"
          ]
        },
        "rejectReasonBanCoppel": {
          "type": "string"
        },
        "rejectReasonCoppel": {
          "type": "string"
        },
        "rejectReasonDescription": {
          "type": "string"
        },
        "rejectType": {
          "type": "string"
        },
        "reportingObservation": {
          "type": "string"
        },
        "reportingPayments": {
          "type": "string"
        },
        "reportingPaymentsStatus": {
          "type": "array",
          "items": [
            {
              "type": "object",
              "properties": {
                "status": {
                  "type": "integer"
                }
              },
              "required": [
                "status"
              ]
            }
          ]
        },
        "reportingRequest": {
          "type": "array",
          "items": [
            {
              "type": "object",
              "properties": {
                "requestType": {
                  "type": "string"
                },
                "numberOfRequest": {
                  "type": "string"
                }
              },
              "required": [
                "requestType",
                "numberOfRequest"
              ]
            }
          ]
        },
        "reportingStatus": {
          "type": "string"
        }
      },
      "required": [
        "applicationStatus",
        "customerCompromise",
        "customerCreditRatingRecord",
        "customerCreditRatingRecordDetails",
        "exclusionClause",
        "internalCreditAnalysisReport",
        "internalRatingAssessment",
        "keyType",
        "revolvingAccountPercentage",
        "pointsHistory",
        "productandServiceActivityReportReference",
        "rejectReasonBanCoppel",
        "rejectReasonCoppel",
        "rejectReasonDescription",
        "rejectType",
        "reportingObservation",
        "reportingPayments",
        "reportingPaymentsStatus",
        "reportingRequest",
        "reportingStatus"
      ]
    },
    "lastApplication": {
      "type": "integer"
    },
    "loanBalance": {
      "type": "array",
      "items": [
        {
          "type": "object",
          "properties": {
            "delinquencyInterest": {
              "type": "integer"
            },
            "interest": {
              "type": "array",
              "items": [
                {
                  "type": "object",
                  "properties": {
                    "interestRate": {
                      "type": "string"
                    }
                  },
                  "required": [
                    "interestRate"
                  ]
                }
              ]
            }
          },
          "required": [
            "delinquencyInterest",
            "interest"
          ]
        }
      ]
    },
    "loanFacility": {
      "type": "object",
      "properties": {
        "reloan": {
          "type": "integer"
        }
      },
      "required": [
        "reloan"
      ]
    },
    "minimumPayment": {
      "type": "integer"
    },
    "numberOfApplications": {
      "type": "integer"
    },
    "partyReference": {
      "type": "object",
      "properties": {
        "contactPoint": {
          "type": "array",
          "items": [
            {
              "type": "object",
              "properties": {
                "contactPointRecord": {
                  "type": "string"
                },
                "contactPointValue": {
                  "type": "string"
                },
                "contactPointType": {
                  "type": "string"
                }
              },
              "required": [
                "contactPointRecord",
                "contactPointValue",
                "contactPointType"
              ]
            }
          ]
        },
        "dateOfBirth": {
          "type": "string"
        },
        "economicActivity": {
          "type": "string"
        },
        "gender": {
          "type": "string"
        },
        "identificationDevice": {
          "type": "object",
          "properties": {
            "curp": {
              "type": "string"
            }
          },
          "required": [
            "curp"
          ]
        },
        "identifications": {
          "type": "array",
          "items": [
            {
              "type": "object",
              "properties": {
                "identifier": {
                  "type": "object",
                  "properties": {
                    "identifierValue": {
                      "type": "string"
                    }
                  },
                  "required": [
                    "identifierValue"
                  ]
                }
              },
              "required": [
                "identifier"
              ]
            }
          ]
        },
        "location": {
          "type": "array",
          "items": [
            {
              "type": "object",
              "properties": {
                "amountOfLocations": {
                  "type": "integer"
                },
                "countyDistrict": {
                  "type": "object",
                  "properties": {
                    "name": {
                      "type": "string"
                    }
                  },
                  "required": [
                    "name"
                  ]
                },
                "latitude": {
                  "type": "string"
                },
                "state": {
                  "type": "object",
                  "properties": {
                    "name": {
                      "type": "string"
                    }
                  },
                  "required": [
                    "name"
                  ]
                },
                "locationAddressType": {
                  "type": "string"
                },
                "locationObservation": {
                  "type": "string"
                },
                "locationDescription": {
                  "type": "string"
                },
                "locationReferencePoint": {
                  "type": "string"
                }
              },
              "required": [
                "amountOfLocations",
                "countyDistrict",
                "latitude",
                "state",
                "locationAddressType",
                "locationObservation",
                "locationDescription",
                "locationReferencePoint"
              ]
            }
          ]
        },
        "maritalStatus": {
          "type": "string"
        },
        "maritalStatusDurationMonths": {
          "type": "integer"
        },
        "maritalStatusDurationYears": {
          "type": "string"
        },
        "personProfile": {
          "type": "object",
          "properties": {
            "economicActivity": {
              "type": "object",
              "properties": {
                "code": {
                  "type": "string"
                },
                "currentEmploymentDurationMonths": {
                  "type": "string"
                },
                "description": {
                  "type": "string"
                },
                "economicSubActivity": {
                  "type": "string"
                }
              },
              "required": [
                "code",
                "currentEmploymentDurationMonths",
                "description",
                "economicSubActivity"
              ]
            },
            "educationalLevel": {
              "type": "string"
            },
            "monthlyIncome": {
              "type": "integer"
            },
            "mortgage": {
              "type": "integer"
            },
            "residencyPlace": {
              "type": "string"
            },
            "residencyYear": {
              "type": "string"
            }
          },
          "required": [
            "economicActivity",
            "educationalLevel",
            "monthlyIncome",
            "mortgage",
            "residencyPlace",
            "residencyYear"
          ]
        },
        "profession": {
          "type": "string"
        },
        "referenceId": {
          "type": "string"
        },
        "referenceIdCoppel": {
          "type": "string"
        },
        "specificActivity": {
          "type": "string"
        }
      },
      "required": [
        "contactPoint",
        "dateOfBirth",
        "economicActivity",
        "gender",
        "identificationDevice",
        "identifications",
        "location",
        "maritalStatus",
        "maritalStatusDurationMonths",
        "maritalStatusDurationYears",
        "personProfile",
        "profession",
        "referenceId",
        "referenceIdCoppel",
        "specificActivity"
      ]
    },
    "preCalification": {
      "type": "string"
    },
    "ratingAgencyName": {
      "type": "string"
    },
    "ratingAgencyProductTerm": {
      "type": "string"
    },
    "ratingAgencyReportPeriods": {
      "type": "integer"
    },
    "ratingAgencyRequest": {
      "type": "integer"
    },
    "ratingAgencyTerm": {
      "type": "integer"
    },
    "riskDescription": {
      "type": "string"
    },
    "sourceChannel": {
      "type": "integer"
    }
  },
  "required": [
    "applicationDate",
    "applicationCAT",
    "applicationGroup",
    "prospectRegistrationType",
    "applicationIneValidation",
    "applicationInvoice",
    "applicationLastQueryDate",
    "applicationOstel",
    "applicationReason",
    "applicationReferenceCoppel",
    "applicationRequestAmount",
    "applicationSource",
    "applicationSourceChannel",
    "applicationType",
    "applicationStatus",
    "bankBranch",
    "biometric",
    "companyReference",
    "compromiseRecord",
    "creditHistory",
    "creditProfile",
    "creditRisk",
    "currentAge",
    "customerCreditRatingRecord",
    "date",
    "daysAverage",
    "detail",
    "economicActivityRisk",
    "economicActivityRiskRetail",
    "engineeringFlag",
    "group",
    "groupType",
    "housingTypeRisk",
    "housingTypeRiskDetail",
    "incomeProfile",
    "interest",
    "internalReporting",
    "lastApplication",
    "loanBalance",
    "loanFacility",
    "minimumPayment",
    "numberOfApplications",
    "partyReference",
    "preCalification",
    "ratingAgencyName",
    "ratingAgencyProductTerm",
    "ratingAgencyReportPeriods",
    "ratingAgencyRequest",
    "ratingAgencyTerm",
    "riskDescription",
    "sourceChannel"
  ]
}