<?xml version="1.0" encoding="UTF-8"?>

<mule xmlns:ee="http://www.mulesoft.org/schema/mule/ee/core" 
	xmlns="http://www.mulesoft.org/schema/mule/core"
	xmlns:doc="http://www.mulesoft.org/schema/mule/documentation" xmlns:xsi="http://www.w3.org/2001/XMLSchema-instance" xsi:schemaLocation="http://www.mulesoft.org/schema/mule/core http://www.mulesoft.org/schema/mule/core/current/mule.xsd
http://www.mulesoft.org/schema/mule/ee/core http://www.mulesoft.org/schema/mule/ee/core/current/mule-ee.xsd">
	<sub-flow name="validation-two-headers-flow" doc:id="9da6d050-2e7a-4cef-88da-40f69377459e" >
		<set-variable value='#[%dw 2.0&#10;import isWhitespace from dw::core::Strings&#10;import some from dw::core::Arrays&#10;&#10;output application/json&#10;&#10;var headersToCheck = ["consumerRequestId", "token"]&#10;&#10;var invalidHeader = headersToCheck some ((headerName) -&gt; isWhitespace(attributes.headers[headerName]))&#10;&#10;---&#10;&#10;!invalidHeader]' doc:name="Headers Validation" doc:id="7a35e168-57eb-49b9-91b0-906fd0708bbd" variableName="twoHeadersValid" />
		<choice doc:name="Choice" doc:id="c1f41f79-f453-4030-b32c-d8b908a5b9f3" >
			<when expression="#[!vars.twoHeadersValid]" >
				<raise-error doc:name="Raise error" doc:id="8c118d21-39f3-4f9f-9c25-503b68c04bc0" type="CUSTOM:HEADERS_VALIDATION_FAILED" />
			</when>
		</choice>
	</sub-flow>
	<sub-flow name="validationStatusCode-200" doc:id="ac72efab-6c8a-45b4-8854-509f367316ef" >
		<set-variable value="#[attributes.statusCode as Number]" doc:name="setStatusCode" doc:id="cb7e7496-7644-4131-95ff-a0e6993116d3" variableName="setStatusCode"/>
		<choice doc:name="Choice" doc:id="aa8ec890-739a-4f7b-a18d-de34ea8f5472" >
			<when expression="#[vars.setStatusCode != 200]">
				<raise-error doc:name="Raise error" doc:id="492bdee0-c624-4480-b82c-90419c6285f1" type="VALIDATION" description="httpCode es diferente de 200"/>
			</when>
		</choice>
	</sub-flow>
</mule>
