<?xml version="1.0" encoding="UTF-8"?>

<mule xmlns:tls="http://www.mulesoft.org/schema/mule/tls"
	xmlns:api-gateway="http://www.mulesoft.org/schema/mule/api-gateway"
	xmlns:apikit="http://www.mulesoft.org/schema/mule/mule-apikit" xmlns:http="http://www.mulesoft.org/schema/mule/http"
	xmlns="http://www.mulesoft.org/schema/mule/core"
	xmlns:doc="http://www.mulesoft.org/schema/mule/documentation" xmlns:xsi="http://www.w3.org/2001/XMLSchema-instance" xsi:schemaLocation="
http://www.mulesoft.org/schema/mule/mule-apikit http://www.mulesoft.org/schema/mule/mule-apikit/current/mule-apikit.xsd 
http://www.mulesoft.org/schema/mule/http http://www.mulesoft.org/schema/mule/http/current/mule-http.xsd http://www.mulesoft.org/schema/mule/core http://www.mulesoft.org/schema/mule/core/current/mule.xsd
http://www.mulesoft.org/schema/mule/api-gateway http://www.mulesoft.org/schema/mule/api-gateway/current/mule-api-gateway.xsd
http://www.mulesoft.org/schema/mule/tls http://www.mulesoft.org/schema/mule/tls/current/mule-tls.xsd">
	
	<global-property doc:name="Global Property" doc:id="3b928f04-b9f2-4922-8627-55b15f950396" name="mule.env" value="local"/>
	
	<configuration-properties doc:name="Configuration properties" doc:id="cf69261d-ef25-4737-af3e-fbb9bd26d0ef" file="properties\\${mule.env}-properties.yaml" />
	
	<http:request-config name="HTTP_Request_configuration-Party-identify" doc:name="HTTP Request configuration" doc:id="7235b9fd-4780-46d3-9adf-a9d853743b1b" basePath="${party-identify.base-path}" responseTimeout="${http-request-configuration.settings.response-timeout}">
		<http:request-connection protocol="${http-request-configuration.general.protocol}" host="${party-identify.host}" port="${http-request-configuration.general.port}" maxConnections="${http-request-configuration.general.max-connections}" connectionIdleTimeout="${http-request-configuration.general.connection-idle-timeout}" responseBufferSize="${http-request-configuration.general.response-buffer-size}">
		</http:request-connection>
	</http:request-config>
	
	<http:request-config name="HTTP_Request_Configuration-Spring_Pro_customerCreditRating" doc:name="HTTP Request configuration" doc:id="5b41dbaf-c93e-4ba6-92fc-7691f5381b8a" basePath="${pro.api.pro-customer-credit-rating.base-path}" responseTimeout="${http-request-configuration.settings.response-timeout}">
		<http:request-connection host="${pro.host}" port="${http-request-configuration.general.port}" protocol="${http-request-configuration.general.protocol}" connectionIdleTimeout="${http-request-configuration.general.connection-idle-timeout}" maxConnections="${http-request-configuration.general.max-connections}" responseBufferSize="${http-request-configuration.general.response-buffer-size}">
			<tls:context >
				<tls:trust-store insecure="true" />
			</tls:context>
		</http:request-connection>
	</http:request-config>
</mule>
