<?xml version="1.0" encoding="UTF-8"?>

<mule xmlns:json="http://www.mulesoft.org/schema/mule/json" xmlns:xml-module="http://www.mulesoft.org/schema/mule/xml-module"
	
	xmlns:ee="http://www.mulesoft.org/schema/mule/ee/core" xmlns="http://www.mulesoft.org/schema/mule/core" xmlns:doc="http://www.mulesoft.org/schema/mule/documentation" xmlns:xsi="http://www.w3.org/2001/XMLSchema-instance" xsi:schemaLocation="http://www.mulesoft.org/schema/mule/core http://www.mulesoft.org/schema/mule/core/current/mule.xsd
http://www.mulesoft.org/schema/mule/ee/core http://www.mulesoft.org/schema/mule/ee/core/current/mule-ee.xsd
 
http://www.mulesoft.org/schema/mule/xml-module http://www.mulesoft.org/schema/mule/xml-module/current/mule-xml-module.xsd
http://www.mulesoft.org/schema/mule/json http://www.mulesoft.org/schema/mule/json/current/mule-json.xsd">
	<sub-flow name="post-internal-reporting-create-handler-sub-flow" doc:id="3b32a00c-1a67-402f-bfd7-861c04c5eb56" >
		<logger level="INFO" doc:name="Handler Logger" doc:id="66e39bfc-f815-4efb-87d5-6bbf6ca027d7" message="#['Internal Reporting Create Handler - CorrelationId: ' ++ correlationId]"/>
		<ee:transform doc:name="set request" doc:id="62f34069-55f7-45b7-b9fc-18ac8ce73c74">
			<ee:message >
				<ee:set-payload resource="dwl/createInternalReporting/setRequestPayload.dwl" />
			</ee:message>
			<ee:variables>
				<ee:set-variable resource="dwl/createInternalReporting/setRequestPath.dwl" variableName="path" />
				<ee:set-variable resource="dwl/createInternalReporting/setRequestHeaders.dw.dwl" variableName="setRequestHeaders" />
			</ee:variables>
		</ee:transform>
		<flow-ref doc:name="post-internal-reporting-create-orchestrator-sub-flow" doc:id="fc19e5db-28a3-4cc5-9798-07379b2b2907" name="post-internal-reporting-create-orchestrator-sub-flow"/>
	</sub-flow>
</mule>
