<?xml version="1.0" encoding="UTF-8"?>

<mule xmlns:json="http://www.mulesoft.org/schema/mule/json" xmlns:xml-module="http://www.mulesoft.org/schema/mule/xml-module"
	
	xmlns:ee="http://www.mulesoft.org/schema/mule/ee/core" xmlns="http://www.mulesoft.org/schema/mule/core" xmlns:doc="http://www.mulesoft.org/schema/mule/documentation" xmlns:xsi="http://www.w3.org/2001/XMLSchema-instance" xsi:schemaLocation="http://www.mulesoft.org/schema/mule/core http://www.mulesoft.org/schema/mule/core/current/mule.xsd
http://www.mulesoft.org/schema/mule/ee/core http://www.mulesoft.org/schema/mule/ee/core/current/mule-ee.xsd
 
http://www.mulesoft.org/schema/mule/xml-module http://www.mulesoft.org/schema/mule/xml-module/current/mule-xml-module.xsd
http://www.mulesoft.org/schema/mule/json http://www.mulesoft.org/schema/mule/json/current/mule-json.xsd">
	<sub-flow name="post-customer-credit-rating-state-initiate-handler-sub-flow" doc:id="3b32a00c-1a67-402f-bfd7-861c04c5eb56" >
		<logger level="INFO" doc:name="Logger" doc:id="66e39bfc-f815-4efb-87d5-6bbf6ca027d7" message="#['Customer Credit Rating State Initiate Handler - CorrelationId: ' ++ correlationId]"/>
		<set-variable value="#[payload]" doc:name="setSaveRequest" doc:id="12e72cc4-08eb-44b6-baa3-e8807ff57d5d" variableName="setSaveRequest" />
		<ee:transform doc:name="set request headers" doc:id="c0de1e3f-dda4-4680-9dd5-19ff38f3742a">
			<ee:message />
			<ee:variables>
				<ee:set-variable resource="dwl/productEligibilityRetrieve/productEligibilityRetrieveRequestHeaders.dwl" variableName="setRequestHeaders" />
				<ee:set-variable variableName="path" ><![CDATA[p('pro.api.pro-customer-credit-rating.api-operation.customer-credit-rating-state') ++ p('action-term.initiate')]]></ee:set-variable>
			</ee:variables>
		</ee:transform>
		<flow-ref doc:name="post-customer-credit-rating-state-initiate-orchestrator-sub-flow" doc:id="fc19e5db-28a3-4cc5-9798-07379b2b2907" name="post-customer-credit-rating-state-initiate-orchestrator-sub-flow"/>
	</sub-flow>
</mule>
