<?xml version="1.0" encoding="UTF-8"?>

<mule xmlns:http="http://www.mulesoft.org/schema/mule/http" xmlns="http://www.mulesoft.org/schema/mule/core"
	xmlns:doc="http://www.mulesoft.org/schema/mule/documentation"
	xmlns:xsi="http://www.w3.org/2001/XMLSchema-instance" xsi:schemaLocation="http://www.mulesoft.org/schema/mule/core http://www.mulesoft.org/schema/mule/core/current/mule.xsd
http://www.mulesoft.org/schema/mule/http http://www.mulesoft.org/schema/mule/http/current/mule-http.xsd">
	
	<sub-flow name="get-proxy-partyLifecycleManagement-client-Sub_Flow" doc:id="7c8ef12a-a0aa-4b51-a88b-65d7c2f42513" >
		<logger level="INFO" doc:name="Client Log" doc:id="81e0626d-1fc0-4fe5-aaa5-b450b86c7030" message="#['Get Characters Client - CorrelationId: ' ++ correlationId]"/>
		<http:request method="GET" doc:name="Request to Swapi" doc:id="4001e982-b091-4d1f-b4d0-cdc0d1a1f84f" config-ref="HTTP_Request_configuration_starwars" path="${starwars.path}">
			<http:headers ><![CDATA[#[%dw 2.0
output application/json skipNullOn="everywhere"
---
{
	"gender": vars.gender
}]]]></http:headers>
		</http:request>
	</sub-flow>
	<sub-flow name="post-proxy-partyLifecycleManagement-client-Sub_Flow" doc:id="bd99f04b-0ca1-4bda-8ac1-38c3e121aa52" >
		<logger level="INFO" doc:name="Client Log" doc:id="a1c1fcb6-e7c3-4b05-bb81-c00bd4a882de" message="#['Get Characters Client - CorrelationId: ' ++ correlationId]" />
		<http:request method="GET" doc:name="Request to Swapi" doc:id="97c1b8e0-dfed-49fc-b527-fd0e8c164d12" config-ref="HTTP_Request_configuration_starwars" path="${starwars.path}" >
			<http:headers ><![CDATA[#[%dw 2.0
output application/json skipNullOn="everywhere"
---
{
	"gender": vars.gender
}]]]></http:headers>
		</http:request>
	</sub-flow>
	<sub-flow name="put-proxy-partyLifecycleManagement-client-Sub_Flow" doc:id="a860e42d-cca7-43ee-81ca-7ebf50350a8f" >
		<logger level="INFO" doc:name="Client Log" doc:id="4e705a59-0b14-488c-ac84-fc3dd919d6ca" message="#['Get Characters Client - CorrelationId: ' ++ correlationId]" />
		<http:request method="GET" doc:name="Request to Swapi" doc:id="e9ed1df7-5918-49c0-b28e-ee680a15b079" config-ref="HTTP_Request_configuration_starwars" path="${starwars.path}" >
			<http:headers ><![CDATA[#[%dw 2.0
output application/json skipNullOn="everywhere"
---
{
	"gender": vars.gender
}]]]></http:headers>
		</http:request>
	</sub-flow>
</mule>
