<?xml version="1.0" encoding="UTF-8"?>

<mule xmlns:http="http://www.mulesoft.org/schema/mule/http" xmlns="http://www.mulesoft.org/schema/mule/core"
	xmlns:doc="http://www.mulesoft.org/schema/mule/documentation"
	xmlns:xsi="http://www.w3.org/2001/XMLSchema-instance" xsi:schemaLocation="http://www.mulesoft.org/schema/mule/core http://www.mulesoft.org/schema/mule/core/current/mule.xsd
http://www.mulesoft.org/schema/mule/http http://www.mulesoft.org/schema/mule/http/current/mule-http.xsd">
	<sub-flow name="api-party-identity-validate-token-sub-flow" doc:id="43a7cd8d-a206-4e6b-a9e9-7b1e8132c296" >
		<http:request method="POST" doc:name="Validate Token" doc:id="0f986759-60f7-4d27-8737-750eae6e2dc1" config-ref="HTTP_Request_Party_Identity" path="/validate">
			<error-mapping sourceType="HTTP:BAD_REQUEST" targetType="PARTY_IDENTITY:BAD_REQUEST" />
			<error-mapping sourceType="HTTP:UNAUTHORIZED" targetType="PARTY_IDENTITY:UNAUTHORIZED" />
			<http:headers><![CDATA[#[output application/java 
--- 
{ 
"Authorization" : "Bearer " ++ attributes.headers.token, 
"X-Coppel-Latitude" : "20.270460", 
"X-Coppel-TransactionId" : "fs9999c7q86c33cdfd5f55", 
"X-Coppel-Date-Request" : "2024-09-06T14:45:12.345Z", 
"X-Coppel-Longitude" : "-99.985171" 
}]]]></http:headers>
		</http:request>
	</sub-flow>
</mule>
