<?xml version="1.0" encoding="UTF-8"?>

<mule xmlns:http="http://www.mulesoft.org/schema/mule/http" xmlns="http://www.mulesoft.org/schema/mule/core"
	xmlns:doc="http://www.mulesoft.org/schema/mule/documentation"
	xmlns:xsi="http://www.w3.org/2001/XMLSchema-instance" xsi:schemaLocation="http://www.mulesoft.org/schema/mule/core http://www.mulesoft.org/schema/mule/core/current/mule.xsd
http://www.mulesoft.org/schema/mule/http http://www.mulesoft.org/schema/mule/http/current/mule-http.xsd">
	<sub-flow name="api-swapi-get-people-subflow" doc:id="0a144bca-5cbd-4814-9d5d-e17159d363f8" >
		<http:request method="GET" doc:name="Get People" doc:id="14ce47c8-f23c-42ac-a592-d6e625e5ff49" config-ref="HTTP_Request_Swapi" path="people/1">
			<error-mapping targetType="SWAPI:ANY" />
		</http:request>
	</sub-flow>
	<sub-flow name="api-swapi-get-planets-subflow" doc:id="e200a0e6-57c7-4848-9be4-8f308d064e83" >
		<http:request method="GET" doc:name="Get Planets" doc:id="9f324aae-b453-40c7-a20c-b4fbee55fc53" config-ref="HTTP_Request_Swapi" path="planets/3"/>
	</sub-flow>
	<sub-flow name="api-swapi-get-starships-subflow" doc:id="fe7164e9-0a56-41cf-8930-b64cb0202471" >
		<http:request method="GET" doc:name="Get Starships" doc:id="00dd1eb9-1159-4b2a-a002-da5c6ffb86b8" config-ref="HTTP_Request_Swapi" path="starships/9"/>
	</sub-flow>
</mule>
