<?xml version="1.0" encoding="UTF-8"?>

<mule xmlns:http="http://www.mulesoft.org/schema/mule/http" xmlns="http://www.mulesoft.org/schema/mule/core"
	xmlns:doc="http://www.mulesoft.org/schema/mule/documentation"
	xmlns:xsi="http://www.w3.org/2001/XMLSchema-instance" xsi:schemaLocation="http://www.mulesoft.org/schema/mule/core http://www.mulesoft.org/schema/mule/core/current/mule.xsd
http://www.mulesoft.org/schema/mule/http http://www.mulesoft.org/schema/mule/http/current/mule-http.xsd">
	<sub-flow name="api-mulesoft-cloudhub2-status-sub-flow" doc:id="a6befc93-2740-47fd-9498-1e485e3e6cd5" >
		<http:request method="GET" doc:name="GET Cloudhub2 Status" doc:id="3e886769-b8bb-4490-8b88-021e7cd36e23" config-ref="HTTP_Request_Mulesoft" path="/amc/application-manager/api/v2/organizations/{business_group}/environments/{environment_id}/deployments/{app_id}">
			<http:uri-params ><![CDATA[#[output application/java
---
{
	"business_group" : Mule::p('mulesoft.bgId'),
	"environment_id" : Mule::p('mulesoft.envId'),
	"app_id" : Mule::p('mulesoft.appId')
}]]]></http:uri-params>
		</http:request>
	</sub-flow>
	<sub-flow name="api-mulesoft-metrics-search-sub-flow" doc:id="8e3ec2d0-5d1f-45a8-9e40-4ae35b7542e1" >
		<http:request method="POST" doc:name="POST Metrics Search" doc:id="725b2c53-a21f-4d6f-a67f-06b844db51ca" config-ref="HTTP_Request_Mulesoft" path="observability/api/v1/metrics:search">
		</http:request>
	</sub-flow>
</mule>
