<?xml version="1.0" encoding="UTF-8"?>

<mule xmlns:ee="http://www.mulesoft.org/schema/mule/ee/core" xmlns="http://www.mulesoft.org/schema/mule/core"
	xmlns:doc="http://www.mulesoft.org/schema/mule/documentation"
	xmlns:xsi="http://www.w3.org/2001/XMLSchema-instance" xsi:schemaLocation="http://www.mulesoft.org/schema/mule/core http://www.mulesoft.org/schema/mule/core/current/mule.xsd
http://www.mulesoft.org/schema/mule/ee/core http://www.mulesoft.org/schema/mule/ee/core/current/mule-ee.xsd">
	<sub-flow name="get-sales-partyLifecycleManagement-client-handlerSub_Flow" doc:id="3b32a00c-1a67-402f-bfd7-861c04c5eb56" >
		<logger level="INFO" doc:name="Logger" doc:id="b440b4fd-dc6d-4134-a739-52eaf736aa14" message="#['Get Characters Handler - CorrelationId: ' ++ correlationId]"/>
		<ee:transform doc:name="Gender" doc:id="ea26e6bf-89f5-4046-8c59-f351e4f43900" >
			<ee:message >
			</ee:message>
			<ee:variables >
				<ee:set-variable variableName="gender" ><![CDATA[attributes.queryParams.gender default ""]]></ee:set-variable>
				<ee:set-variable variableName="basePath" ><![CDATA[p('swapi.host') as String default ""]]></ee:set-variable>
			</ee:variables>
		</ee:transform>
		<flow-ref doc:name="get-sales-partyLifecycleManagement-client-orchestratorSub_Flow" doc:id="fc19e5db-28a3-4cc5-9798-07379b2b2907" name="get-sales-partyLifecycleManagement-client-orchestratorSub_Flow"/>
	</sub-flow>
	<sub-flow name="post-sales-partyLifecycleManagement-client-handlerSub_Flow" doc:id="cb5a5fa6-3aeb-4f94-8d7e-22adc52ab53d" >
		<logger level="INFO" doc:name="Logger" doc:id="f918a062-0060-4b35-941e-279a79a8ebf1" message="#['Get Characters Handler - CorrelationId: ' ++ correlationId]" />
		<ee:transform doc:name="Gender" doc:id="7d95b18a-c250-4106-a616-91b9ad2ed77b" >
			<ee:message />
			<ee:variables >
				<ee:set-variable variableName="gender" ><![CDATA[attributes.queryParams.gender default ""]]></ee:set-variable>
				<ee:set-variable variableName="basePath" ><![CDATA[p('swapi.host') as String default ""]]></ee:set-variable>
			</ee:variables>
		</ee:transform>
		<flow-ref doc:name="post-sales-partyLifecycleManagement-client-orchestratorSub_Flow" doc:id="25f9fc43-4af8-483b-9f27-164247f3ca9a" name="post-sales-partyLifecycleManagement-client-orchestratorSub_Flow" />
	</sub-flow>
	<sub-flow name="put-sales-partyLifecycleManagement-client-handlerSub_Flow" doc:id="91552b63-a303-4887-9d84-d933934b5a6a" >
		<logger level="INFO" doc:name="Logger" doc:id="baffc392-0125-4b87-b13b-1a956d0776c7" message="#['Get Characters Handler - CorrelationId: ' ++ correlationId]" />
		<ee:transform doc:name="Gender" doc:id="37f9e99e-9982-44c9-bf92-1b5ef1e67787" >
			<ee:message />
			<ee:variables >
				<ee:set-variable variableName="gender" ><![CDATA[attributes.queryParams.gender default ""]]></ee:set-variable>
				<ee:set-variable variableName="basePath" ><![CDATA[p('swapi.host') as String default ""]]></ee:set-variable>
			</ee:variables>
		</ee:transform>
		<flow-ref doc:name="put-sales-partyLifecycleManagement-client-orchestratorSub_Flow" doc:id="13c5a36d-16dc-4f51-9076-cd55505fbc4c" name="put-sales-partyLifecycleManagement-client-orchestratorSub_Flow" />
	</sub-flow>
</mule>
