<?xml version="1.0" encoding="UTF-8"?>

<mule xmlns:json="http://www.mulesoft.org/schema/mule/json" xmlns:xml-module="http://www.mulesoft.org/schema/mule/xml-module"
	
	xmlns:ee="http://www.mulesoft.org/schema/mule/ee/core" xmlns="http://www.mulesoft.org/schema/mule/core" xmlns:doc="http://www.mulesoft.org/schema/mule/documentation" xmlns:xsi="http://www.w3.org/2001/XMLSchema-instance" xsi:schemaLocation="http://www.mulesoft.org/schema/mule/core http://www.mulesoft.org/schema/mule/core/current/mule.xsd
http://www.mulesoft.org/schema/mule/ee/core http://www.mulesoft.org/schema/mule/ee/core/current/mule-ee.xsd
 
http://www.mulesoft.org/schema/mule/xml-module http://www.mulesoft.org/schema/mule/xml-module/current/mule-xml-module.xsd
http://www.mulesoft.org/schema/mule/json http://www.mulesoft.org/schema/mule/json/current/mule-json.xsd">
	<sub-flow name="post-initiate-internal-customer-credit-rating-handler-sub-flow" doc:id="3b32a00c-1a67-402f-bfd7-861c04c5eb56" >
		<logger level="INFO" doc:name="Logger" doc:id="66e39bfc-f815-4efb-87d5-6bbf6ca027d7" message="#['Initiate Internal Customer Credit Rating Handler - CorrelationId: ' ++ correlationId]"/>
		<!-- [STUDIO:"Validate schema"]<json:validate-schema doc:name="Validate schema" doc:id="00d13261-a19b-4a9a-ae87-d06f3104bb02" schema="schemas/schema-initiate-internal-customer-credit-rating.json"/> [STUDIO] -->
		<flow-ref doc:name="validation-two-headers-flow" doc:id="a80f5a45-9686-45a9-ab76-3b72d4c8dac7" name="validation-two-headers-flow"/>
		<ee:transform doc:name="set request headers" doc:id="62f34069-55f7-45b7-b9fc-18ac8ce73c74">
			<ee:message />
			<ee:variables>
				<ee:set-variable variableName="path"><![CDATA[p('pro.api.pro-customer-credit-rating.api-operation.internal-customer-credit-rating') ++ p('action-term.initiate')]]></ee:set-variable>
				<ee:set-variable resource="dwl/productEligibilityRetrieve/productEligibilityRetrieveRequestHeaders.dwl" variableName="setRequestHeaders" />
			</ee:variables>
		</ee:transform>
		<flow-ref doc:name="post-internal-reporting-initiate-orchestrator-sub-flow" doc:id="fc19e5db-28a3-4cc5-9798-07379b2b2907" name="post-initiate-internal-customer-credit-rating-orchestrator-sub-flow"/>
	</sub-flow>
</mule>
