<?xml version="1.0" encoding="UTF-8"?>
<mule xmlns:api-gateway="http://www.mulesoft.org/schema/mule/api-gateway" xmlns="http://www.mulesoft.org/schema/mule/core" xmlns:apikit="http://www.mulesoft.org/schema/mule/mule-apikit" xmlns:doc="http://www.mulesoft.org/schema/mule/documentation" xmlns:ee="http://www.mulesoft.org/schema/mule/ee/core" xmlns:http="http://www.mulesoft.org/schema/mule/http" xmlns:xsi="http://www.w3.org/2001/XMLSchema-instance" xsi:schemaLocation="http://www.mulesoft.org/schema/mule/core http://www.mulesoft.org/schema/mule/core/current/mule.xsd http://www.mulesoft.org/schema/mule/http http://www.mulesoft.org/schema/mule/http/current/mule-http.xsd http://www.mulesoft.org/schema/mule/mule-apikit http://www.mulesoft.org/schema/mule/mule-apikit/current/mule-apikit.xsd http://www.mulesoft.org/schema/mule/ee/core http://www.mulesoft.org/schema/mule/ee/core/current/mule-ee.xsd 
http://www.mulesoft.org/schema/mule/api-gateway http://www.mulesoft.org/schema/mule/api-gateway/current/mule-api-gateway.xsd">
    <http:listener-config name="dom-customer-credit-rating-httpListenerConfig" basePath="${http-listener-config.general.base-path}">
        <http:listener-connection host="0.0.0.0" port="${http-listener-config.general.port}" readTimeout="${http-listener-config.general.read-timeout}" connectionIdleTimeout="${http-listener-config.advanced.connection-idle-timeout}" />
    </http:listener-config>
    <apikit:config name="dom-customer-credit-rating-config" api="resource::834f46f4-ef08-4c50-81ae-56f917b413cc:mx-api-bc-dom-customer-credit-rating:1.6.0:raml:zip:dom-customer-credit-rating.raml" outboundHeadersMapName="outboundHeaders" httpStatusVarName="httpStatus" />
    <global-property doc:name="Global Property" doc:id="b4326e46-be25-4911-86ad-1dd693ae136f" name="apiInstanceId" value="123456" />
	<api-gateway:autodiscovery apiId="${apiInstanceId}" ignoreBasePath="true" doc:name="API Autodiscovery" doc:id="cdd46fce-5b9c-40bf-9867-e47c70d8ca52" flowRef="dom-customer-credit-rating-main" />
	<flow name="dom-customer-credit-rating-main" doc:id="9d2da7f5-995a-403f-864d-8f4405d07b16">
        <http:listener config-ref="dom-customer-credit-rating-httpListenerConfig" path="${http-listener-config.general.path}">
            <http:response statusCode="#[vars.httpStatus default 200]">
                <http:headers><![CDATA[#[vars.outboundHeaders default {}]]]></http:headers>
            </http:response>
            <http:error-response statusCode="#[vars.httpStatus default 500]">
                <http:body><![CDATA[#[payload]]]></http:body>
                <http:headers><![CDATA[#[vars.outboundHeaders default {}]]]></http:headers>
            </http:error-response>
        </http:listener>
        <flow-ref doc:name="LoggerRequestVariables" doc:id="8be9704a-96ac-40de-88b4-6ea624bb8d03" name="logger-variables-subflow" />
        <apikit:router config-ref="dom-customer-credit-rating-config" />
		<error-handler ref="apikit-global-error-handler" />
    </flow>
    <flow name="post:\v1\customerCreditRatingState\evaluate:application\json:dom-customer-credit-rating-config">
        <ee:transform doc:name="Transform Message">
            <ee:message>
                <ee:set-payload resource="dwl/customerCreditRatingState/evaluate.dwl" />
            </ee:message>
        </ee:transform>
        <error-handler ref="global-error-handler" />
    </flow>
    <flow name="post:\v1\customerCreditRatingState\initiate:application\json:dom-customer-credit-rating-config" doc:id="808cc7f3-1a1b-4739-97fb-411ee9750e93">
        <logger level="INFO" doc:name="LogJson-RequestPayload" doc:id="eec9c6c9-3813-41e2-a904-f946f89c7bd7" message="#[%dw 2.0&#10;output application/json skipNullOn=&quot;everywhere&quot;&#10;&#10;var level = if ((attributes.statusCode default 0) &gt;= 500) &quot;ERROR&quot;&#10;            else if ((attributes.statusCode default 0) &gt;= 400) &quot;WARN&quot;&#10;            else &quot;INFO&quot;&#10;            &#10;fun maskString(inputString: String): String =&#10;    if (inputString == null or isEmpty(inputString)) &quot;N/A&quot;&#10;    else if (sizeOf(inputString) &lt;= 8) &quot;*****&quot;&#10;    else inputString[0 to 3] ++ &quot;********&quot; ++ inputString[sizeOf(inputString)-4 to -1]&#10;---&#10;{&#10;    &quot;level&quot;: level,&#10;    &quot;schemaVersion&quot;: vars.schemaVersion,&#10;    &quot;logType&quot;: &quot;TRANSACTION&quot;,&#10;    &quot;sourceIP&quot;: vars.sourceIP default &quot;N/A&quot;,&#10;    &quot;message&quot;: &quot;request:  &quot; ++ (flow.name default &quot;NA&quot;),&#10;    &quot;logOrigin&quot;: &quot;EXTERNAL&quot;,&#10;    &quot;timestamp&quot;: now() as String { format: &quot;yyyy-MM-dd'T'HH:mm:ss.SSS'Z'&quot;, timeZone: &quot;UTC&quot; },&#10;    &quot;tracingId&quot;: correlationId,&#10;    &quot;eventType&quot;: &quot;TRANSACTION_VALIDATE_COD_REC_USER&quot;,&#10;    &quot;application&quot;: {&#10;        &quot;name&quot;: vars.appName,&#10;        &quot;version&quot;: vars.appVersion,&#10;        &quot;env&quot;: vars.appEnv,&#10;        &quot;kind&quot;: vars.appKind&#10;    },&#10;    &quot;measurement&quot;: {&#10;    	&quot;method&quot;: (attributes.method as String default &quot;N/A&quot;) ++ ' ' ++ (attributes.requestPath as String default &quot;N/A&quot;)&#10;    },&#10;    &quot;destinationIP&quot;: vars.targetHost default &quot;N/A&quot;,&#10;    &quot;hostname&quot;: p('mule.node.name'),&#10;    &quot;additionalInfo&quot;: {&#10;        &quot;token&quot;: maskString(vars.loggerHeaderToken as String default &quot;N/A&quot;),&#10;        (payload)&#10;    }&#10;}]" />
		<flow-ref doc:name="post-customer-credit-rating-state-initiate-handler-sub-flow" doc:id="5c9f5f69-a1f9-45b5-a0de-b659508465f4" name="post-customer-credit-rating-state-initiate-handler-sub-flow" />
		<logger level="INFO" doc:name="LogJson-ResponsePayload" doc:id="6f34b01f-ad4e-4f15-9591-2491275b0f52" message="#[%dw 2.0&#10;output application/json skipNullOn=&quot;everywhere&quot;&#10;&#10;var level = if ((attributes.statusCode default 0) &gt;= 500) &quot;ERROR&quot;&#10;            else if ((attributes.statusCode default 0) &gt;= 400) &quot;WARN&quot;&#10;            else &quot;INFO&quot;&#10;            &#10;fun maskString(inputString: String): String =&#10;    if (inputString == null or isEmpty(inputString)) &quot;N/A&quot;&#10;    else if (sizeOf(inputString) &lt;= 8) &quot;*****&quot;&#10;    else inputString[0 to 3] ++ &quot;********&quot; ++ inputString[sizeOf(inputString)-4 to -1]&#10;---&#10;{&#10;    &quot;level&quot;: level,&#10;    &quot;schemaVersion&quot;: vars.schemaVersion,&#10;    &quot;logType&quot;: &quot;TRANSACTION&quot;,&#10;    &quot;sourceIP&quot;: vars.targetHost,&#10;    &quot;status&quot;: attributes.statusCode,&#10;    &quot;message&quot;: (attributes.statusCode default 200) ++ &quot;: &quot; ++ level ++ &quot;, &quot; ++ (flow.name default &quot;NA&quot;),&#10;    &quot;logOrigin&quot;: &quot;INTERNAL&quot;,&#10;    &quot;timestamp&quot;: now() as String { format: &quot;yyyy-MM-dd'T'HH:mm:ss.SSS'Z'&quot;, timeZone: &quot;UTC&quot; },&#10;    &quot;tracingId&quot;: correlationId,&#10;    &quot;eventType&quot;: &quot;TRANSACTION_VALIDATE_COD_REC_USER&quot;,&#10;    &quot;application&quot;: {&#10;        &quot;name&quot;: vars.appName,&#10;        &quot;version&quot;: vars.appVersion,&#10;        &quot;env&quot;: vars.appEnv,&#10;        &quot;kind&quot;: vars.appKind&#10;    },&#10;    &quot;measurement&quot;: {&#10;        &quot;elapsedTime&quot;: (now() - (vars.flowStartTime default now())).millis&#10;    },&#10;    &quot;destinationIP&quot;: vars.sourceIP default &quot;N/A&quot;,&#10;    &quot;hostname&quot;: p('mule.node.name'),&#10;    &quot;additionalInfo&quot;: {&#10;        &quot;token&quot;: maskString(vars.loggerHeaderToken as String default &quot;N/A&quot;),&#10;        (payload)&#10;    }&#10;}]" />
		<error-handler ref="global-error-handler" />
    </flow>
    <flow name="post:\v1\internalReporting\evaluate:application\json:dom-customer-credit-rating-config">
        <ee:transform doc:name="Transform Message">
            <ee:message>
                <ee:set-payload resource="dwl/internalReporting/evaluate.dwl" />
            </ee:message>
        </ee:transform>
        <error-handler ref="global-error-handler" />
    </flow>
    <flow name="post:\v1\internalCustomerCreditRating\evaluate:application\json:dom-customer-credit-rating-config">
        <logger level="INFO" doc:name="LogJson-RequestPayload" doc:id="3de57b0c-17f0-4be3-949f-ec42533e2cd9" message="#[%dw 2.0&#10;output application/json skipNullOn=&quot;everywhere&quot;&#10;&#10;var level = if ((attributes.statusCode default 0) &gt;= 500) &quot;ERROR&quot;&#10;            else if ((attributes.statusCode default 0) &gt;= 400) &quot;WARN&quot;&#10;            else &quot;INFO&quot;&#10;            &#10;fun maskString(inputString: String): String =&#10;    if (inputString == null or isEmpty(inputString)) &quot;N/A&quot;&#10;    else if (sizeOf(inputString) &lt;= 8) &quot;*****&quot;&#10;    else inputString[0 to 3] ++ &quot;********&quot; ++ inputString[sizeOf(inputString)-4 to -1]&#10;---&#10;{&#10;    &quot;level&quot;: level,&#10;    &quot;schemaVersion&quot;: vars.schemaVersion,&#10;    &quot;logType&quot;: &quot;TRANSACTION&quot;,&#10;    &quot;sourceIP&quot;: vars.sourceIP default &quot;N/A&quot;,&#10;    &quot;message&quot;: &quot;request:  &quot; ++ (flow.name default &quot;NA&quot;),&#10;    &quot;logOrigin&quot;: &quot;EXTERNAL&quot;,&#10;    &quot;timestamp&quot;: now() as String { format: &quot;yyyy-MM-dd'T'HH:mm:ss.SSS'Z'&quot;, timeZone: &quot;UTC&quot; },&#10;    &quot;tracingId&quot;: correlationId,&#10;    &quot;eventType&quot;: &quot;TRANSACTION_VALIDATE_COD_REC_USER&quot;,&#10;    &quot;application&quot;: {&#10;        &quot;name&quot;: vars.appName,&#10;        &quot;version&quot;: vars.appVersion,&#10;        &quot;env&quot;: vars.appEnv,&#10;        &quot;kind&quot;: vars.appKind&#10;    },&#10;    &quot;measurement&quot;: {&#10;    	&quot;method&quot;: (attributes.method as String default &quot;N/A&quot;) ++ ' ' ++ (attributes.requestPath as String default &quot;N/A&quot;)&#10;    },&#10;    &quot;destinationIP&quot;: vars.targetHost default &quot;N/A&quot;,&#10;    &quot;hostname&quot;: p('mule.node.name'),&#10;    &quot;additionalInfo&quot;: {&#10;        &quot;token&quot;: maskString(vars.loggerHeaderToken as String default &quot;N/A&quot;),&#10;        (payload)&#10;    }&#10;}]" />
		<flow-ref doc:name="post-evaluate-internal-customer-credit-rating-handler-sub-flow" doc:id="3e2229fc-204e-40d5-881a-41b0189a8887" name="post-evaluate-internal-customer-credit-rating-handler-sub-flow" />
		<logger level="INFO" doc:name="LogJson-ResponsePayload" doc:id="9c4f089b-f7ca-400a-becf-820128647fe4" message="#[%dw 2.0&#10;output application/json skipNullOn=&quot;everywhere&quot;&#10;&#10;var level = if ((attributes.statusCode default 0) &gt;= 500) &quot;ERROR&quot;&#10;            else if ((attributes.statusCode default 0) &gt;= 400) &quot;WARN&quot;&#10;            else &quot;INFO&quot;&#10;            &#10;fun maskString(inputString: String): String =&#10;    if (inputString == null or isEmpty(inputString)) &quot;N/A&quot;&#10;    else if (sizeOf(inputString) &lt;= 8) &quot;*****&quot;&#10;    else inputString[0 to 3] ++ &quot;********&quot; ++ inputString[sizeOf(inputString)-4 to -1]&#10;---&#10;{&#10;    &quot;level&quot;: level,&#10;    &quot;schemaVersion&quot;: vars.schemaVersion,&#10;    &quot;logType&quot;: &quot;TRANSACTION&quot;,&#10;    &quot;sourceIP&quot;: vars.targetHost,&#10;    &quot;status&quot;: attributes.statusCode,&#10;    &quot;message&quot;: (attributes.statusCode default 200) ++ &quot;: &quot; ++ level ++ &quot;, &quot; ++ (flow.name default &quot;NA&quot;),&#10;    &quot;logOrigin&quot;: &quot;INTERNAL&quot;,&#10;    &quot;timestamp&quot;: now() as String { format: &quot;yyyy-MM-dd'T'HH:mm:ss.SSS'Z'&quot;, timeZone: &quot;UTC&quot; },&#10;    &quot;tracingId&quot;: correlationId,&#10;    &quot;eventType&quot;: &quot;TRANSACTION_VALIDATE_COD_REC_USER&quot;,&#10;    &quot;application&quot;: {&#10;        &quot;name&quot;: vars.appName,&#10;        &quot;version&quot;: vars.appVersion,&#10;        &quot;env&quot;: vars.appEnv,&#10;        &quot;kind&quot;: vars.appKind&#10;    },&#10;    &quot;measurement&quot;: {&#10;        &quot;elapsedTime&quot;: (now() - (vars.flowStartTime default now())).millis&#10;    },&#10;    &quot;destinationIP&quot;: vars.sourceIP default &quot;N/A&quot;,&#10;    &quot;hostname&quot;: p('mule.node.name'),&#10;    &quot;additionalInfo&quot;: {&#10;        &quot;token&quot;: maskString(vars.loggerHeaderToken as String default &quot;N/A&quot;),&#10;        (payload)&#10;    }&#10;}]" />
		<error-handler ref="global-error-handler" />
    </flow>
    <flow name="post:\v1\internalCustomerCreditRating\initiate:application\json:dom-customer-credit-rating-config" doc:id="dfe126f6-ea37-4ca7-85f3-08122210a5a3">
        <logger level="INFO" doc:name="LogJson-RequestPayload" doc:id="3b55a140-023e-40dc-99dc-1368b2b95018" message="#[%dw 2.0&#10;output application/json skipNullOn=&quot;everywhere&quot;&#10;&#10;var level = if ((attributes.statusCode default 0) &gt;= 500) &quot;ERROR&quot;&#10;            else if ((attributes.statusCode default 0) &gt;= 400) &quot;WARN&quot;&#10;            else &quot;INFO&quot;&#10;            &#10;fun maskString(inputString: String): String =&#10;    if (inputString == null or isEmpty(inputString)) &quot;N/A&quot;&#10;    else if (sizeOf(inputString) &lt;= 8) &quot;*****&quot;&#10;    else inputString[0 to 3] ++ &quot;********&quot; ++ inputString[sizeOf(inputString)-4 to -1]&#10;---&#10;{&#10;    &quot;level&quot;: level,&#10;    &quot;schemaVersion&quot;: vars.schemaVersion,&#10;    &quot;logType&quot;: &quot;TRANSACTION&quot;,&#10;    &quot;sourceIP&quot;: vars.sourceIP default &quot;N/A&quot;,&#10;    &quot;message&quot;: &quot;request:  &quot; ++ (flow.name default &quot;NA&quot;),&#10;    &quot;logOrigin&quot;: &quot;EXTERNAL&quot;,&#10;    &quot;timestamp&quot;: now() as String { format: &quot;yyyy-MM-dd'T'HH:mm:ss.SSS'Z'&quot;, timeZone: &quot;UTC&quot; },&#10;    &quot;tracingId&quot;: correlationId,&#10;    &quot;eventType&quot;: &quot;TRANSACTION_VALIDATE_COD_REC_USER&quot;,&#10;    &quot;application&quot;: {&#10;        &quot;name&quot;: vars.appName,&#10;        &quot;version&quot;: vars.appVersion,&#10;        &quot;env&quot;: vars.appEnv,&#10;        &quot;kind&quot;: vars.appKind&#10;    },&#10;    &quot;measurement&quot;: {&#10;    	&quot;method&quot;: (attributes.method as String default &quot;N/A&quot;) ++ ' ' ++ (attributes.requestPath as String default &quot;N/A&quot;)&#10;    },&#10;    &quot;destinationIP&quot;: vars.targetHost default &quot;N/A&quot;,&#10;    &quot;hostname&quot;: p('mule.node.name'),&#10;    &quot;additionalInfo&quot;: {&#10;        &quot;token&quot;: maskString(vars.loggerHeaderToken as String default &quot;N/A&quot;),&#10;        (payload)&#10;    }&#10;}]" />
		<flow-ref doc:name="post-initiate-internal-customer-credit-rating-handler-sub-flow" doc:id="fbdcd4bd-edff-4513-8613-0f2adc4cfeb8" name="post-initiate-internal-customer-credit-rating-handler-sub-flow" />
        <logger level="INFO" doc:name="LogJson-ResponsePayload" doc:id="f3924bc8-217d-45e2-8671-0c543db3457c" message="#[%dw 2.0&#10;output application/json skipNullOn=&quot;everywhere&quot;&#10;&#10;var level = if ((attributes.statusCode default 0) &gt;= 500) &quot;ERROR&quot;&#10;            else if ((attributes.statusCode default 0) &gt;= 400) &quot;WARN&quot;&#10;            else &quot;INFO&quot;&#10;            &#10;fun maskString(inputString: String): String =&#10;    if (inputString == null or isEmpty(inputString)) &quot;N/A&quot;&#10;    else if (sizeOf(inputString) &lt;= 8) &quot;*****&quot;&#10;    else inputString[0 to 3] ++ &quot;********&quot; ++ inputString[sizeOf(inputString)-4 to -1]&#10;---&#10;{&#10;    &quot;level&quot;: level,&#10;    &quot;schemaVersion&quot;: vars.schemaVersion,&#10;    &quot;logType&quot;: &quot;TRANSACTION&quot;,&#10;    &quot;sourceIP&quot;: vars.targetHost,&#10;    &quot;status&quot;: attributes.statusCode,&#10;    &quot;message&quot;: (attributes.statusCode default 200) ++ &quot;: &quot; ++ level ++ &quot;, &quot; ++ (flow.name default &quot;NA&quot;),&#10;    &quot;logOrigin&quot;: &quot;INTERNAL&quot;,&#10;    &quot;timestamp&quot;: now() as String { format: &quot;yyyy-MM-dd'T'HH:mm:ss.SSS'Z'&quot;, timeZone: &quot;UTC&quot; },&#10;    &quot;tracingId&quot;: correlationId,&#10;    &quot;eventType&quot;: &quot;TRANSACTION_VALIDATE_COD_REC_USER&quot;,&#10;    &quot;application&quot;: {&#10;        &quot;name&quot;: vars.appName,&#10;        &quot;version&quot;: vars.appVersion,&#10;        &quot;env&quot;: vars.appEnv,&#10;        &quot;kind&quot;: vars.appKind&#10;    },&#10;    &quot;measurement&quot;: {&#10;        &quot;elapsedTime&quot;: (now() - (vars.flowStartTime default now())).millis&#10;    },&#10;    &quot;destinationIP&quot;: vars.sourceIP default &quot;N/A&quot;,&#10;    &quot;hostname&quot;: p('mule.node.name'),&#10;    &quot;additionalInfo&quot;: {&#10;        &quot;token&quot;: maskString(vars.loggerHeaderToken as String default &quot;N/A&quot;),&#10;        (payload)&#10;    }&#10;}]" />
		<error-handler ref="global-error-handler" />
    </flow>
    <flow name="post:\v1\internalReporting\create:application\json:dom-customer-credit-rating-config" doc:id="e1831886-742f-449d-9c99-217f583c36b3">
        <logger level="INFO" doc:name="LogJson-RequestPayload" doc:id="6b6861c8-0765-4729-9374-9e1a63e52a1b" message="#[%dw 2.0&#10;output application/json skipNullOn=&quot;everywhere&quot;&#10;&#10;var level = if ((attributes.statusCode default 0) &gt;= 500) &quot;ERROR&quot;&#10;            else if ((attributes.statusCode default 0) &gt;= 400) &quot;WARN&quot;&#10;            else &quot;INFO&quot;&#10;            &#10;fun maskString(inputString: String): String =&#10;    if (inputString == null or isEmpty(inputString)) &quot;N/A&quot;&#10;    else if (sizeOf(inputString) &lt;= 8) &quot;*****&quot;&#10;    else inputString[0 to 3] ++ &quot;********&quot; ++ inputString[sizeOf(inputString)-4 to -1]&#10;---&#10;{&#10;    &quot;level&quot;: level,&#10;    &quot;schemaVersion&quot;: vars.schemaVersion,&#10;    &quot;logType&quot;: &quot;TRANSACTION&quot;,&#10;    &quot;sourceIP&quot;: vars.sourceIP default &quot;N/A&quot;,&#10;    &quot;message&quot;: &quot;request:  &quot; ++ (flow.name default &quot;NA&quot;),&#10;    &quot;logOrigin&quot;: &quot;EXTERNAL&quot;,&#10;    &quot;timestamp&quot;: now() as String { format: &quot;yyyy-MM-dd'T'HH:mm:ss.SSS'Z'&quot;, timeZone: &quot;UTC&quot; },&#10;    &quot;tracingId&quot;: correlationId,&#10;    &quot;eventType&quot;: &quot;TRANSACTION_VALIDATE_COD_REC_USER&quot;,&#10;    &quot;application&quot;: {&#10;        &quot;name&quot;: vars.appName,&#10;        &quot;version&quot;: vars.appVersion,&#10;        &quot;env&quot;: vars.appEnv,&#10;        &quot;kind&quot;: vars.appKind&#10;    },&#10;    &quot;measurement&quot;: {&#10;    	&quot;method&quot;: (attributes.method as String default &quot;N/A&quot;) ++ ' ' ++ (attributes.requestPath as String default &quot;N/A&quot;)&#10;    },&#10;    &quot;destinationIP&quot;: vars.targetHost default &quot;N/A&quot;,&#10;    &quot;hostname&quot;: p('mule.node.name'),&#10;    &quot;additionalInfo&quot;: {&#10;        &quot;token&quot;: maskString(vars.loggerHeaderToken as String default &quot;N/A&quot;),&#10;        (payload)&#10;    }&#10;}]" />
		<flow-ref doc:name="validation-two-headers-flow" doc:id="5558edbb-5f41-42f6-ac34-d8dcd74baa51" name="validation-two-headers-flow" />
        <flow-ref doc:name="post-internal-reporting-create-handler-sub-flow" doc:id="7e7df613-3251-45a2-acb9-e6e46563d7e4" name="post-internal-reporting-create-handler-sub-flow" />
		<logger level="INFO" doc:name="LogJson-ResponsePayload" doc:id="788ccced-c306-40c6-b3ca-b79d804c32db" message="#[%dw 2.0&#10;output application/json skipNullOn=&quot;everywhere&quot;&#10;&#10;var level = if ((attributes.statusCode default 0) &gt;= 500) &quot;ERROR&quot;&#10;            else if ((attributes.statusCode default 0) &gt;= 400) &quot;WARN&quot;&#10;            else &quot;INFO&quot;&#10;            &#10;fun maskString(inputString: String): String =&#10;    if (inputString == null or isEmpty(inputString)) &quot;N/A&quot;&#10;    else if (sizeOf(inputString) &lt;= 8) &quot;*****&quot;&#10;    else inputString[0 to 3] ++ &quot;********&quot; ++ inputString[sizeOf(inputString)-4 to -1]&#10;---&#10;{&#10;    &quot;level&quot;: level,&#10;    &quot;schemaVersion&quot;: vars.schemaVersion,&#10;    &quot;logType&quot;: &quot;TRANSACTION&quot;,&#10;    &quot;sourceIP&quot;: vars.targetHost,&#10;    &quot;status&quot;: attributes.statusCode,&#10;    &quot;message&quot;: (attributes.statusCode default 200) ++ &quot;: &quot; ++ level ++ &quot;, &quot; ++ (flow.name default &quot;NA&quot;),&#10;    &quot;logOrigin&quot;: &quot;INTERNAL&quot;,&#10;    &quot;timestamp&quot;: now() as String { format: &quot;yyyy-MM-dd'T'HH:mm:ss.SSS'Z'&quot;, timeZone: &quot;UTC&quot; },&#10;    &quot;tracingId&quot;: correlationId,&#10;    &quot;eventType&quot;: &quot;TRANSACTION_VALIDATE_COD_REC_USER&quot;,&#10;    &quot;application&quot;: {&#10;        &quot;name&quot;: vars.appName,&#10;        &quot;version&quot;: vars.appVersion,&#10;        &quot;env&quot;: vars.appEnv,&#10;        &quot;kind&quot;: vars.appKind&#10;    },&#10;    &quot;measurement&quot;: {&#10;        &quot;elapsedTime&quot;: (now() - (vars.flowStartTime default now())).millis&#10;    },&#10;    &quot;destinationIP&quot;: vars.sourceIP default &quot;N/A&quot;,&#10;    &quot;hostname&quot;: p('mule.node.name'),&#10;    &quot;additionalInfo&quot;: {&#10;        &quot;token&quot;: maskString(vars.loggerHeaderToken as String default &quot;N/A&quot;),&#10;        (payload)&#10;    }&#10;}]" />
		<error-handler ref="global-error-handler" />
    </flow>
    <flow name="post:\v1\internalReporting\execute:application\json:dom-customer-credit-rating-config" doc:id="dc00cb38-7d5c-4de9-9436-aa22a433c514">
        <logger level="INFO" doc:name="LogJson-RequestPayload" doc:id="01ea8c1c-798a-4bdc-9776-6f1992465fc8" message="#[%dw 2.0&#10;output application/json skipNullOn=&quot;everywhere&quot;&#10;&#10;var level = if ((attributes.statusCode default 0) &gt;= 500) &quot;ERROR&quot;&#10;            else if ((attributes.statusCode default 0) &gt;= 400) &quot;WARN&quot;&#10;            else &quot;INFO&quot;&#10;            &#10;fun maskString(inputString: String): String =&#10;    if (inputString == null or isEmpty(inputString)) &quot;N/A&quot;&#10;    else if (sizeOf(inputString) &lt;= 8) &quot;*****&quot;&#10;    else inputString[0 to 3] ++ &quot;********&quot; ++ inputString[sizeOf(inputString)-4 to -1]&#10;---&#10;{&#10;    &quot;level&quot;: level,&#10;    &quot;schemaVersion&quot;: vars.schemaVersion,&#10;    &quot;logType&quot;: &quot;TRANSACTION&quot;,&#10;    &quot;sourceIP&quot;: vars.sourceIP default &quot;N/A&quot;,&#10;    &quot;message&quot;: &quot;request:  &quot; ++ (flow.name default &quot;NA&quot;),&#10;    &quot;logOrigin&quot;: &quot;EXTERNAL&quot;,&#10;    &quot;timestamp&quot;: now() as String { format: &quot;yyyy-MM-dd'T'HH:mm:ss.SSS'Z'&quot;, timeZone: &quot;UTC&quot; },&#10;    &quot;tracingId&quot;: correlationId,&#10;    &quot;eventType&quot;: &quot;TRANSACTION_VALIDATE_COD_REC_USER&quot;,&#10;    &quot;application&quot;: {&#10;        &quot;name&quot;: vars.appName,&#10;        &quot;version&quot;: vars.appVersion,&#10;        &quot;env&quot;: vars.appEnv,&#10;        &quot;kind&quot;: vars.appKind&#10;    },&#10;    &quot;measurement&quot;: {&#10;    	&quot;method&quot;: (attributes.method as String default &quot;N/A&quot;) ++ ' ' ++ (attributes.requestPath as String default &quot;N/A&quot;)&#10;    },&#10;    &quot;destinationIP&quot;: vars.targetHost default &quot;N/A&quot;,&#10;    &quot;hostname&quot;: p('mule.node.name'),&#10;    &quot;additionalInfo&quot;: {&#10;        &quot;token&quot;: maskString(vars.loggerHeaderToken as String default &quot;N/A&quot;),&#10;        (payload)&#10;    }&#10;}]" />
		<flow-ref doc:name="post-internal-reporting-execute-handler-sub-flow" doc:id="82c88779-425a-4069-8e97-635677ce91cf" name="post-internal-reporting-execute-handler-sub-flow" />
		<logger level="INFO" doc:name="LogJson-ResponsePayload" doc:id="cabe4876-5d28-4a0f-a862-a898b9dd8633" message="#[%dw 2.0&#10;output application/json skipNullOn=&quot;everywhere&quot;&#10;&#10;var level = if ((attributes.statusCode default 0) &gt;= 500) &quot;ERROR&quot;&#10;            else if ((attributes.statusCode default 0) &gt;= 400) &quot;WARN&quot;&#10;            else &quot;INFO&quot;&#10;            &#10;fun maskString(inputString: String): String =&#10;    if (inputString == null or isEmpty(inputString)) &quot;N/A&quot;&#10;    else if (sizeOf(inputString) &lt;= 8) &quot;*****&quot;&#10;    else inputString[0 to 3] ++ &quot;********&quot; ++ inputString[sizeOf(inputString)-4 to -1]&#10;---&#10;{&#10;    &quot;level&quot;: level,&#10;    &quot;schemaVersion&quot;: vars.schemaVersion,&#10;    &quot;logType&quot;: &quot;TRANSACTION&quot;,&#10;    &quot;sourceIP&quot;: vars.targetHost,&#10;    &quot;status&quot;: attributes.statusCode,&#10;    &quot;message&quot;: (attributes.statusCode default 200) ++ &quot;: &quot; ++ level ++ &quot;, &quot; ++ (flow.name default &quot;NA&quot;),&#10;    &quot;logOrigin&quot;: &quot;INTERNAL&quot;,&#10;    &quot;timestamp&quot;: now() as String { format: &quot;yyyy-MM-dd'T'HH:mm:ss.SSS'Z'&quot;, timeZone: &quot;UTC&quot; },&#10;    &quot;tracingId&quot;: correlationId,&#10;    &quot;eventType&quot;: &quot;TRANSACTION_VALIDATE_COD_REC_USER&quot;,&#10;    &quot;application&quot;: {&#10;        &quot;name&quot;: vars.appName,&#10;        &quot;version&quot;: vars.appVersion,&#10;        &quot;env&quot;: vars.appEnv,&#10;        &quot;kind&quot;: vars.appKind&#10;    },&#10;    &quot;measurement&quot;: {&#10;        &quot;elapsedTime&quot;: (now() - (vars.flowStartTime default now())).millis&#10;    },&#10;    &quot;destinationIP&quot;: vars.sourceIP default &quot;N/A&quot;,&#10;    &quot;hostname&quot;: p('mule.node.name'),&#10;    &quot;additionalInfo&quot;: {&#10;        &quot;token&quot;: maskString(vars.loggerHeaderToken as String default &quot;N/A&quot;),&#10;        (payload)&#10;    }&#10;}]" />
		<error-handler ref="global-error-handler" />
    </flow>
    <flow name="post:\v1\internalReporting\initiate:application\json:dom-customer-credit-rating-config" doc:id="04b34c37-c18e-4434-b2cb-df880a650598">
        <logger level="INFO" doc:name="LogJson-RequestPayload" doc:id="157ba7e1-a264-480e-aad1-de37afc9adac" message="#[%dw 2.0&#10;output application/json skipNullOn=&quot;everywhere&quot;&#10;&#10;var level = if ((attributes.statusCode default 0) &gt;= 500) &quot;ERROR&quot;&#10;            else if ((attributes.statusCode default 0) &gt;= 400) &quot;WARN&quot;&#10;            else &quot;INFO&quot;&#10;            &#10;fun maskString(inputString: String): String =&#10;    if (inputString == null or isEmpty(inputString)) &quot;N/A&quot;&#10;    else if (sizeOf(inputString) &lt;= 8) &quot;*****&quot;&#10;    else inputString[0 to 3] ++ &quot;********&quot; ++ inputString[sizeOf(inputString)-4 to -1]&#10;---&#10;{&#10;    &quot;level&quot;: level,&#10;    &quot;schemaVersion&quot;: vars.schemaVersion,&#10;    &quot;logType&quot;: &quot;TRANSACTION&quot;,&#10;    &quot;sourceIP&quot;: vars.sourceIP default &quot;N/A&quot;,&#10;    &quot;message&quot;: &quot;request:  &quot; ++ (flow.name default &quot;NA&quot;),&#10;    &quot;logOrigin&quot;: &quot;EXTERNAL&quot;,&#10;    &quot;timestamp&quot;: now() as String { format: &quot;yyyy-MM-dd'T'HH:mm:ss.SSS'Z'&quot;, timeZone: &quot;UTC&quot; },&#10;    &quot;tracingId&quot;: correlationId,&#10;    &quot;eventType&quot;: &quot;TRANSACTION_VALIDATE_COD_REC_USER&quot;,&#10;    &quot;application&quot;: {&#10;        &quot;name&quot;: vars.appName,&#10;        &quot;version&quot;: vars.appVersion,&#10;        &quot;env&quot;: vars.appEnv,&#10;        &quot;kind&quot;: vars.appKind&#10;    },&#10;    &quot;measurement&quot;: {&#10;    	&quot;method&quot;: (attributes.method as String default &quot;N/A&quot;) ++ ' ' ++ (attributes.requestPath as String default &quot;N/A&quot;)&#10;    },&#10;    &quot;destinationIP&quot;: vars.targetHost default &quot;N/A&quot;,&#10;    &quot;hostname&quot;: p('mule.node.name'),&#10;    &quot;additionalInfo&quot;: {&#10;        &quot;token&quot;: maskString(vars.loggerHeaderToken as String default &quot;N/A&quot;),&#10;        (payload)&#10;    }&#10;}]" />
		<flow-ref doc:name="post-internal-reporting-initiate-handler-sub-flow" doc:id="dba8e0a3-d7ca-44fe-8141-caaac46017dd" name="post-internal-reporting-initiate-handler-sub-flow" />
		<logger level="INFO" doc:name="LogJson-ResponsePayload" doc:id="75993012-0b03-43a4-a2b2-79531d10a6a4" message="#[%dw 2.0&#10;output application/json skipNullOn=&quot;everywhere&quot;&#10;&#10;var level = if ((attributes.statusCode default 0) &gt;= 500) &quot;ERROR&quot;&#10;            else if ((attributes.statusCode default 0) &gt;= 400) &quot;WARN&quot;&#10;            else &quot;INFO&quot;&#10;            &#10;fun maskString(inputString: String): String =&#10;    if (inputString == null or isEmpty(inputString)) &quot;N/A&quot;&#10;    else if (sizeOf(inputString) &lt;= 8) &quot;*****&quot;&#10;    else inputString[0 to 3] ++ &quot;********&quot; ++ inputString[sizeOf(inputString)-4 to -1]&#10;---&#10;{&#10;    &quot;level&quot;: level,&#10;    &quot;schemaVersion&quot;: vars.schemaVersion,&#10;    &quot;logType&quot;: &quot;TRANSACTION&quot;,&#10;    &quot;sourceIP&quot;: vars.targetHost,&#10;    &quot;status&quot;: attributes.statusCode,&#10;    &quot;message&quot;: (attributes.statusCode default 200) ++ &quot;: &quot; ++ level ++ &quot;, &quot; ++ (flow.name default &quot;NA&quot;),&#10;    &quot;logOrigin&quot;: &quot;INTERNAL&quot;,&#10;    &quot;timestamp&quot;: now() as String { format: &quot;yyyy-MM-dd'T'HH:mm:ss.SSS'Z'&quot;, timeZone: &quot;UTC&quot; },&#10;    &quot;tracingId&quot;: correlationId,&#10;    &quot;eventType&quot;: &quot;TRANSACTION_VALIDATE_COD_REC_USER&quot;,&#10;    &quot;application&quot;: {&#10;        &quot;name&quot;: vars.appName,&#10;        &quot;version&quot;: vars.appVersion,&#10;        &quot;env&quot;: vars.appEnv,&#10;        &quot;kind&quot;: vars.appKind&#10;    },&#10;    &quot;measurement&quot;: {&#10;        &quot;elapsedTime&quot;: (now() - (vars.flowStartTime default now())).millis&#10;    },&#10;    &quot;destinationIP&quot;: vars.sourceIP default &quot;N/A&quot;,&#10;    &quot;hostname&quot;: p('mule.node.name'),&#10;    &quot;additionalInfo&quot;: {&#10;        &quot;token&quot;: maskString(vars.loggerHeaderToken as String default &quot;N/A&quot;),&#10;        (payload)&#10;    }&#10;}]" />
		<error-handler ref="global-error-handler" />
    </flow>
    <flow name="post:\v1\internalReporting\retrieve:application\json:dom-customer-credit-rating-config" doc:id="1adbf9eb-6611-4154-8650-1fcb512f5f52">
        <logger level="INFO" doc:name="LogJson-RequestPayload" doc:id="a78bf2f3-4be1-4fd3-ac47-30f62b9b5eec" message="#[%dw 2.0&#10;output application/json skipNullOn=&quot;everywhere&quot;&#10;&#10;var level = if ((attributes.statusCode default 0) &gt;= 500) &quot;ERROR&quot;&#10;            else if ((attributes.statusCode default 0) &gt;= 400) &quot;WARN&quot;&#10;            else &quot;INFO&quot;&#10;            &#10;fun maskString(inputString: String): String =&#10;    if (inputString == null or isEmpty(inputString)) &quot;N/A&quot;&#10;    else if (sizeOf(inputString) &lt;= 8) &quot;*****&quot;&#10;    else inputString[0 to 3] ++ &quot;********&quot; ++ inputString[sizeOf(inputString)-4 to -1]&#10;---&#10;{&#10;    &quot;level&quot;: level,&#10;    &quot;schemaVersion&quot;: vars.schemaVersion,&#10;    &quot;logType&quot;: &quot;TRANSACTION&quot;,&#10;    &quot;sourceIP&quot;: vars.sourceIP default &quot;N/A&quot;,&#10;    &quot;message&quot;: &quot;request:  &quot; ++ (flow.name default &quot;NA&quot;),&#10;    &quot;logOrigin&quot;: &quot;EXTERNAL&quot;,&#10;    &quot;timestamp&quot;: now() as String { format: &quot;yyyy-MM-dd'T'HH:mm:ss.SSS'Z'&quot;, timeZone: &quot;UTC&quot; },&#10;    &quot;tracingId&quot;: correlationId,&#10;    &quot;eventType&quot;: &quot;TRANSACTION_VALIDATE_COD_REC_USER&quot;,&#10;    &quot;application&quot;: {&#10;        &quot;name&quot;: vars.appName,&#10;        &quot;version&quot;: vars.appVersion,&#10;        &quot;env&quot;: vars.appEnv,&#10;        &quot;kind&quot;: vars.appKind&#10;    },&#10;    &quot;measurement&quot;: {&#10;    	&quot;method&quot;: (attributes.method as String default &quot;N/A&quot;) ++ ' ' ++ (attributes.requestPath as String default &quot;N/A&quot;)&#10;    },&#10;    &quot;destinationIP&quot;: vars.targetHost default &quot;N/A&quot;,&#10;    &quot;hostname&quot;: p('mule.node.name'),&#10;    &quot;additionalInfo&quot;: {&#10;        &quot;token&quot;: maskString(vars.loggerHeaderToken as String default &quot;N/A&quot;),&#10;        (payload)&#10;    }&#10;}]" />
		<flow-ref doc:name="validation-two-headers-flow" doc:id="43bd5b19-b21f-40cc-9c84-50a3601639dd" name="validation-two-headers-flow" />
        <flow-ref doc:name="post-internal-reporting-retrieve-handler-sub-flow" doc:id="f3d9b20c-c7f1-4a04-9374-17e5d871e03a" name="post-internal-reporting-retrieve-handler-sub-flow" />
		<logger level="INFO" doc:name="LogJson-ResponsePayload" doc:id="44488c64-ce74-43a8-8e02-712d872d3a8d" message="#[%dw 2.0&#10;output application/json skipNullOn=&quot;everywhere&quot;&#10;&#10;var level = if ((attributes.statusCode default 0) &gt;= 500) &quot;ERROR&quot;&#10;            else if ((attributes.statusCode default 0) &gt;= 400) &quot;WARN&quot;&#10;            else &quot;INFO&quot;&#10;            &#10;fun maskString(inputString: String): String =&#10;    if (inputString == null or isEmpty(inputString)) &quot;N/A&quot;&#10;    else if (sizeOf(inputString) &lt;= 8) &quot;*****&quot;&#10;    else inputString[0 to 3] ++ &quot;********&quot; ++ inputString[sizeOf(inputString)-4 to -1]&#10;---&#10;{&#10;    &quot;level&quot;: level,&#10;    &quot;schemaVersion&quot;: vars.schemaVersion,&#10;    &quot;logType&quot;: &quot;TRANSACTION&quot;,&#10;    &quot;sourceIP&quot;: vars.targetHost,&#10;    &quot;status&quot;: attributes.statusCode,&#10;    &quot;message&quot;: (attributes.statusCode default 200) ++ &quot;: &quot; ++ level ++ &quot;, &quot; ++ (flow.name default &quot;NA&quot;),&#10;    &quot;logOrigin&quot;: &quot;INTERNAL&quot;,&#10;    &quot;timestamp&quot;: now() as String { format: &quot;yyyy-MM-dd'T'HH:mm:ss.SSS'Z'&quot;, timeZone: &quot;UTC&quot; },&#10;    &quot;tracingId&quot;: correlationId,&#10;    &quot;eventType&quot;: &quot;TRANSACTION_VALIDATE_COD_REC_USER&quot;,&#10;    &quot;application&quot;: {&#10;        &quot;name&quot;: vars.appName,&#10;        &quot;version&quot;: vars.appVersion,&#10;        &quot;env&quot;: vars.appEnv,&#10;        &quot;kind&quot;: vars.appKind&#10;    },&#10;    &quot;measurement&quot;: {&#10;        &quot;elapsedTime&quot;: (now() - (vars.flowStartTime default now())).millis&#10;    },&#10;    &quot;destinationIP&quot;: vars.sourceIP default &quot;N/A&quot;,&#10;    &quot;hostname&quot;: p('mule.node.name'),&#10;    &quot;additionalInfo&quot;: {&#10;        &quot;token&quot;: maskString(vars.loggerHeaderToken as String default &quot;N/A&quot;),&#10;        (payload)&#10;    }&#10;}]" />
		<error-handler ref="global-error-handler" />
    </flow>
</mule>
