<?xml version="1.0" encoding="UTF-8"?>

<mule xmlns:apikit="http://www.mulesoft.org/schema/mule/mule-apikit" xmlns:http="http://www.mulesoft.org/schema/mule/http"
	xmlns="http://www.mulesoft.org/schema/mule/core"
	xmlns:doc="http://www.mulesoft.org/schema/mule/documentation" xmlns:xsi="http://www.w3.org/2001/XMLSchema-instance" xsi:schemaLocation="http://www.mulesoft.org/schema/mule/core http://www.mulesoft.org/schema/mule/core/current/mule.xsd
http://www.mulesoft.org/schema/mule/http http://www.mulesoft.org/schema/mule/http/current/mule-http.xsd
http://www.mulesoft.org/schema/mule/mule-apikit http://www.mulesoft.org/schema/mule/mule-apikit/current/mule-apikit.xsd">
	<flow name="mulesoft-main-flow" doc:id="24dd56ef-0f9c-4a62-9e7a-aee035d8c85a" >
		<http:listener doc:name="Listener" doc:id="0a231ebe-7a38-48c3-9c44-5555066ae985" path="${api.basepath}" config-ref="HTTP_Listener_config">
			<http:response statusCode="#[vars.httpStatus default 200]" >
				<http:headers ><![CDATA[#[vars.outboundHeaders default {}]]]></http:headers>
			</http:response>
			<http:error-response statusCode="#[vars.httpStatus default 500]" >
				<http:headers ><![CDATA[#[vars.outboundHeaders default {}]]]></http:headers>
			</http:error-response>
		</http:listener>
		<apikit:router doc:name="APIkit Router" doc:id="d740bce5-0f7f-44e0-8efb-caca2303d6aa" config-ref="Router"/>
	</flow>
</mule>
